date,equity,daily_return,cumulative_return
2023-06-01,1000000.0,0.0,0.0
2023-06-02,1000000.0,0.0,0.0
2023-06-05,1000000.0,0.0,0.0
2023-06-06,1000000.0,0.0,0.0
2023-06-07,1000000.0,0.0,0.0
2023-06-08,1000000.0,0.0,0.0
2023-06-09,1000000.0,0.0,0.0
2023-06-12,1000000.0,0.0,0.0
2023-06-13,1000000.0,0.0,0.0
2023-06-14,1000000.0,0.0,0.0
2023-06-15,1000000.0,0.0,0.0
2023-06-16,1000000.0,0.0,0.0
2023-06-19,1000000.0,0.0,0.0
2023-06-20,1000000.0,0.0,0.0
2023-06-21,1000000.0,0.0,0.0
2023-06-26,1000000.0,0.0,0.0
2023-06-27,1000000.0,0.0,0.0
2023-06-28,1000000.0,0.0,0.0
2023-06-29,1000000.0,0.0,0.0
2023-06-30,1000000.0,0.0,0.0
2023-07-03,1000000.0,0.0,0.0
2023-07-04,1000000.0,0.0,0.0
2023-07-05,1000000.0,0.0,0.0
2023-07-06,1000000.0,0.0,0.0
2023-07-07,1000000.0,0.0,0.0
2023-07-10,1000000.0,0.0,0.0
2023-07-11,1000000.0,0.0,0.0
2023-07-12,1000000.0,0.0,0.0
2023-07-13,1000000.0,0.0,0.0
2023-07-14,1000000.0,0.0,0.0
2023-07-17,1000000.0,0.0,0.0
2023-07-18,1000000.0,0.0,0.0
2023-07-19,1000000.0,0.0,0.0
2023-07-20,1000000.0,0.0,0.0
2023-07-21,1000000.0,0.0,0.0
2023-07-24,1000000.0,0.0,0.0
2023-07-25,1000000.0,0.0,0.0
2023-07-26,1000000.0,0.0,0.0
2023-07-27,1000000.0,0.0,0.0
2023-07-28,1000000.0,0.0,0.0
2023-07-31,1000000.0,0.0,0.0
2023-08-01,1000000.0,0.0,0.0
2023-08-02,1000000.0,0.0,0.0
2023-08-03,1000000.0,0.0,0.0
2023-08-04,1000000.0,0.0,0.0
2023-08-07,1000000.0,0.0,0.0
2023-08-08,1000000.0,0.0,0.0
2023-08-09,1000000.0,0.0,0.0
2023-08-10,1000000.0,0.0,0.0
2023-08-11,1000000.0,0.0,0.0
2023-08-14,1000000.0,0.0,0.0
2023-08-15,1000000.0,0.0,0.0
2023-08-16,1000000.0,0.0,0.0
2023-08-17,1000000.0,0.0,0.0
2023-08-18,1000000.0,0.0,0.0
2023-08-21,1000000.0,0.0,0.0
2023-08-22,1000000.0,0.0,0.0
2023-08-23,1000000.0,0.0,0.0
2023-08-24,1000000.0,0.0,0.0
2023-08-25,1000000.0,0.0,0.0
2023-08-28,1000935.0,0.000935,0.0009349999999999081
2023-08-29,1003221.0,0.002283864586611518,0.0032209999999999184
2023-08-30,1001114.0,-0.002100235142605667,0.0011140000000000594
2023-08-31,1001610.0,0.0004954480708490741,0.0016099999999998893
2023-09-01,1009349.0,0.007726560238016793,0.009349000000000052
2023-09-04,1020474.0,0.011021955735825765,0.020474000000000103
2023-09-05,1013814.0,-0.006526378918032209,0.013813999999999993
2023-09-06,1017866.0,0.003996788365518724,0.017865999999999937
2023-09-07,1011932.0,-0.005829844006971448,0.011932000000000054
2023-09-08,1009762.0,-0.002144412865686627,0.009762000000000048
2023-09-11,1009905.0,0.00014161752967530963,0.009905000000000053
2023-09-12,1008170.0,-0.0017179833746738555,0.00817000000000001
2023-09-13,1006115.0,-0.002038346707400538,0.006115000000000093
2023-09-14,1006219.0,0.00010336790525933914,0.0062189999999999745
2023-09-15,1002143.0,-0.004050808024893189,0.002143000000000006
2023-09-18,1007444.0,0.005289664249513293,0.007444000000000006
2023-09-19,1006910.0,-0.0005300542759696816,0.006909999999999972
2023-09-20,1004370.0,-0.002522569047879155,0.004369999999999985
2023-09-21,999009.0,-0.005337674363033543,-0.0009909999999999641
2023-09-22,1014206.0,0.015212075166489992,0.014205999999999941
2023-09-25,1006866.0,-0.007237188500166633,0.006866000000000039
2023-09-26,1002728.0,-0.0041097822351733,0.0027280000000000637
2023-09-27,1002872.0,0.00014360823673020002,0.0028719999999999857
2023-09-28,999560.0,-0.0033025151764133408,-0.00043999999999999595
2023-10-09,998264.0,-0.001296570491016047,-0.0017359999999999598
2023-10-10,995456.0,-0.002812883165174743,-0.0045439999999999925
2023-10-11,997256.0,0.0018082165359393082,-0.0027439999999999687
2023-10-12,1001269.0,0.004024041971168887,0.0012689999999999646
2023-10-13,995271.0,-0.005990398184703611,-0.004728999999999983
2023-10-16,990445.7999999999,-0.004848126791597534,-0.009554200000000068
2023-10-17,991474.7999999999,0.0010389261078193276,-0.008525200000000122
2023-10-18,991327.7999999999,-0.00014826398008300365,-0.008672200000000019
2023-10-19,986819.7999999999,-0.004547436276880363,-0.013180200000000086
2023-10-20,987211.7999999999,0.00039723564525154443,-0.012788200000000027
2023-10-23,984717.7,-0.002526408213516063,-0.015282300000000082
2023-10-24,983027.7,-0.0017162279097857184,-0.01697230000000005
2023-10-25,981987.7,-0.001057955945697156,-0.018012300000000092
2023-10-26,981742.7,-0.00024949396005672985,-0.018257300000000032
2023-10-27,989253.7,0.00765068077409692,-0.010746300000000097
2023-10-30,995991.7,0.006811195146401778,-0.004008300000000076
2023-10-31,996538.7,0.0005492013638266263,-0.0034613000000000005
2023-11-01,992309.1,-0.0042442907636200955,-0.007690900000000056
2023-11-02,990244.1,-0.0020810047998148966,-0.00975590000000004
2023-11-03,992909.1,0.002691255620710086,-0.007090900000000011
2023-11-06,1001369.1,0.008520417427939778,0.001369100000000012
2023-11-07,1000159.1,-0.0012083456539651563,0.00015910000000007862
2023-11-08,1001834.1,0.0016747335498922121,0.0018340999999999497
2023-11-09,998294.1,-0.003533519172485744,-0.001705900000000038
2023-11-10,996899.1,-0.0013973837970193354,-0.003100900000000073
2023-11-13,993214.1,-0.003696462360132535,-0.006785900000000011
2023-11-14,993314.1,0.00010068322630538572,-0.006685900000000022
2023-11-15,995291.1,0.0019903069935280292,-0.004708900000000016
2023-11-16,989514.1,-0.005804332019044478,-0.010485900000000048
2023-11-17,990330.1,0.0008246471677361647,-0.009669900000000009
2023-11-20,992081.1,0.0017680973243164072,-0.007918900000000062
2023-11-21,992082.1,1.0079821095271344e-06,-0.007917900000000033
2023-11-22,987606.1,-0.004511723374507009,-0.012393900000000069
2023-11-23,987543.1,-6.379061449701455e-05,-0.012456899999999993
2023-11-24,986535.1,-0.001020714943985736,-0.013464900000000002
2023-11-27,986031.1,-0.0005108789337551193,-0.013968900000000062
2023-11-28,986451.1,0.00042595005370520264,-0.013548899999999975
2023-11-29,984771.1,-0.0017030747900225365,-0.01522889999999999
2023-11-30,984771.1,0.0,-0.01522889999999999
2023-12-01,984795.1,2.4371145741380916e-05,-0.015204900000000077
2023-12-04,981855.1,-0.0029853925958811126,-0.01814490000000002
2023-12-05,973589.1,-0.008418757513201286,-0.026410900000000015
2023-12-06,979527.1,0.006099082251434409,-0.020472900000000016
2023-12-07,979513.7,-1.3680070719863987e-05,-0.02048630000000007
2023-12-08,975001.7,-0.004606367424978334,-0.02499830000000003
2023-12-11,978737.7,0.003831788190728283,-0.021262300000000067
2023-12-12,979559.7,0.0008398572978235129,-0.020440300000000078
2023-12-13,972947.7,-0.006749971441250595,-0.02705230000000003
2023-12-14,970039.7,-0.002988855413297138,-0.02996030000000005
2023-12-15,970967.7,0.0009566618768283401,-0.02903230000000001
2023-12-18,973239.7,0.0023399336558775335,-0.02676030000000007
2023-12-19,972755.7,-0.0004973081143319575,-0.0272443
2023-12-20,968011.7,-0.004876866822779861,-0.03198830000000008
2023-12-21,975932.7,0.008182752336567832,-0.024067300000000014
2023-12-22,979057.7,0.0032020650604288594,-0.02094230000000008
2023-12-25,977408.7,-0.0016842725408318631,-0.022591300000000092
2023-12-26,974326.7,-0.0031532356935230882,-0.02567330000000001
2023-12-27,980878.7,0.00672464379760916,-0.019121300000000008
2023-12-28,985456.7,0.0046672437682661475,-0.014543300000000037
2023-12-29,985194.7,-0.00026586657739502916,-0.014805300000000021
2024-01-02,985000.7,-0.00019691539144496009,-0.014999300000000049
2024-01-03,981124.7,-0.003935022584247909,-0.01887530000000004
2024-01-04,981199.7,7.644288233697511e-05,-0.018800299999999992
2024-01-05,988033.7,0.006964943018225546,-0.011966300000000096
2024-01-08,985844.7,-0.002215511474962848,-0.014155300000000093
2024-01-09,988391.7,0.002583571225772173,-0.011608300000000016
2024-01-10,987900.7,-0.0004967666159074384,-0.012099300000000035
2024-01-11,989681.7,0.0018028127725792683,-0.010318300000000002
2024-01-12,990895.7,0.0012266570150786865,-0.009104300000000065
2024-01-15,993371.7,0.002498749363833146,-0.006628300000000031
2024-01-16,998232.7,0.004893435156246147,-0.0017673000000000272
2024-01-17,995500.7,-0.002736836811697313,-0.004499300000000095
2024-01-18,999981.7,0.004501252485307142,-1.8300000000026628e-05
2024-01-19,1000930.7,0.0009490173670178164,0.000930700000000062
2024-01-22,1000741.7,-0.0001888242612600453,0.0007416999999998453
2024-01-23,995019.7,-0.005717759138047311,-0.004980300000000049
2024-01-24,999000.7,0.004000925810815605,-0.0009993000000000363
2024-01-25,1013114.7,0.014128118228545787,0.013114700000000035
2024-01-26,1013653.7,0.000532022682130661,0.01365369999999988
2024-01-29,1014373.7,0.0007103017529556693,0.014373699999999934
2024-01-30,1007419.7,-0.006855461650868906,0.007419700000000029
2024-01-31,1003531.7,-0.0038593646719435803,0.0035316999999999155
2024-02-01,1002917.7,-0.0006118391676117456,0.002917700000000023
2024-02-02,990008.7,-0.012871444984967362,-0.009991300000000036
2024-02-05,1001437.7,0.011544342994157526,0.0014376999999998752
2024-02-06,1020468.7,0.01900367841154772,0.020468699999999895
2024-02-07,1024282.7,0.003737498269177683,0.02428269999999988
2024-02-08,1024300.7,1.7573273472255267e-05,0.024300699999999953
2024-02-19,1025279.7,0.0009557740222182803,0.025279700000000016
2024-02-20,1026812.7,0.001495201748361935,0.026812700000000023
2024-02-21,1036407.7,0.00934445006377502,0.03640770000000004
2024-02-22,1037356.7,0.0009156628226517422,0.03735669999999991
2024-02-23,1040128.7,0.0026721763111955607,0.040128699999999906
2024-02-26,1031137.7,-0.008644122597520865,0.031137699999999935
2024-02-27,1029271.7,-0.001809651611031194,0.02927170000000001
2024-02-28,1029610.7,0.0003293590992543563,0.02961069999999988
2024-02-29,1029017.7,-0.0005759458405006863,0.029017700000000035
2024-03-01,1027808.7,-0.0011749069039337224,0.02780870000000002
2024-03-04,1027874.7,6.421428423402138e-05,0.02787469999999992
2024-03-05,1037373.7,0.009241398781388433,0.03737369999999984
2024-03-06,1033698.7,-0.003542599932888216,0.03369869999999997
2024-03-07,1034783.7,0.0010496288715464187,0.03478369999999997
2024-03-08,1031584.7,-0.0030914673279063055,0.03158470000000002
2024-03-11,1031324.7,-0.00025203941082104067,0.03132469999999987
2024-03-12,1028684.7,-0.0025598145763405067,0.028684699999999896
2024-03-13,1026254.7,-0.002362239858335601,0.026254699999999964
2024-03-14,1032614.7,0.006197291958809056,0.032614699999999885
2024-03-15,1033610.7,0.0009645417598645458,0.03361069999999988
2024-03-18,1034386.7,0.000750766221750607,0.03438669999999999
2024-03-19,1026996.7,-0.0071443300653421015,0.026996699999999985
2024-03-20,1027580.7,0.0005686483705351731,0.027580699999999903
2024-03-21,1025664.7,-0.0018645737507526174,0.025664699999999874
2024-03-22,1023830.7,-0.0017881087259803325,0.023830699999999982
2024-03-25,1024252.7,0.0004121775211468068,0.024252699999999905
2024-03-26,1024097.7,-0.00015132984272338263,0.0240977
2024-03-27,1022445.7,-0.0016131273412683185,0.022445700000000013
2024-03-28,1023029.7,0.0005711794768172041,0.02302969999999993
2024-03-29,1022907.7,-0.00011925362479701226,0.022907699999999975
2024-04-01,1024519.7,0.001575899761043934,0.024519699999999922
2024-04-02,1020750.7,-0.0036787970011704025,0.02075070000000001
2024-04-03,1015734.7,-0.004914030428781484,0.01573469999999988
2024-04-08,1024953.7,0.0090761888906621,0.024953699999999968
2024-04-09,1023544.7,-0.001374696242376607,0.023544699999999974
2024-04-10,1027390.7,0.0037575300814903347,0.02739069999999999
2024-04-11,1024801.7,-0.0025199760908873325,0.024801700000000038
2024-04-12,1019977.7,-0.004707252144488051,0.019977699999999876
2024-04-15,1026320.7,0.006218763410219655,0.026320699999999864
2024-04-16,1026432.7,0.00010912768299421419,0.026432699999999976
2024-04-17,1031347.7,0.0047884288955330435,0.03134769999999998
2024-04-18,1033698.7,0.002279541613366666,0.03369869999999997
2024-04-19,1032863.7,-0.0008077789011440181,0.03286370000000005
2024-04-22,1030239.7,-0.0025405094592829626,0.03023969999999987
2024-04-23,1028637.7,-0.0015549779337759942,0.028637699999999988
2024-04-24,1028189.7,-0.00043552749427713957,0.028189699999999984
2024-04-25,1034295.7,0.0059385928491600334,0.03429569999999993
2024-04-26,1036633.7,0.0022604754133658295,0.03663369999999988
2024-04-29,1040559.7,0.0037872587009278205,0.040559699999999976
2024-04-30,1040874.7,0.0003027216987165657,0.04087470000000004
2024-05-06,1041205.7,0.0003180017729319389,0.0412056999999999
2024-05-07,1040466.7,-0.0007097540860561943,0.040466699999999856
2024-05-08,1038592.7,-0.0018011148266446203,0.038592699999999924
2024-05-09,1040747.7,0.002074923114710897,0.04074770000000005
2024-05-10,1046645.7,0.005667079542909391,0.04664570000000001
2024-05-13,1049496.7,0.0027239399158664676,0.04949669999999995
2024-05-14,1046461.7,-0.0028918623564990727,0.04646170000000005
2024-05-15,1043666.7,-0.002670905203697374,0.04366669999999995
2024-05-16,1051734.7,0.007730437312985075,0.05173469999999991
2024-05-17,1059218.7,0.007115862964300788,0.05921869999999996
2024-05-20,1061191.7,0.0018626937005549469,0.06119169999999996
2024-05-21,1059688.7,-0.0014163322234804513,0.05968869999999993
2024-05-22,1059358.7,-0.00031141221001979166,0.059358699999999986
2024-05-23,1053756.7,-0.005288104963880507,0.05375669999999988
2024-05-24,1047207.2,-0.0062153815961502315,0.047207199999999894
2024-05-27,1050145.2,0.0028055574866177393,0.0501452
2024-05-28,1049972.2,-0.00016473912369451387,0.04997220000000002
2024-05-29,1047866.2,-0.0020057673907937753,0.04786619999999986
2024-05-30,1045991.2,-0.0017893505869356222,0.04599120000000001
2024-05-31,1042591.2,-0.0032505053579800674,0.04259119999999994
2024-06-03,1046361.2,0.003615990620292978,0.04636119999999999
2024-06-04,1047665.2,0.001246223579391132,0.04766519999999996
2024-06-05,1047264.2,-0.0003827558651370686,0.04726419999999987
2024-06-06,1043129.5,-0.003948096382937518,0.04312950000000004
2024-06-07,1042133.5,-0.000954819128401603,0.042133500000000046
2024-06-11,1043312.5,0.0011313329818108716,0.04331250000000009
2024-06-12,1042346.5,-0.0009258970826094771,0.042346500000000065
2024-06-13,1042863.55,0.0004960442616731063,0.042863550000000084
2024-06-14,1040688.55,-0.0020856036247503327,0.040688550000000046
2024-06-17,1038292.55,-0.0023023218618096644,0.03829254999999998
2024-06-18,1039402.55,0.001069062857091674,0.03940255000000015
2024-06-19,1039239.55,-0.00015682085829017833,0.03923955000000001
2024-06-20,1038915.55,-0.00031176642574851966,0.03891555000000002
2024-06-21,1038457.55,-0.0004408443015411599,0.03845754999999995
2024-06-24,1041059.55,0.0025056392531403906,0.041059549999999945
2024-06-25,1036553.55,-0.004328282661640249,0.036553550000000046
2024-06-26,1039192.55,0.002545936965822943,0.039192550000000104
2024-06-27,1042515.55,0.0031976749640862993,0.04251555000000007
2024-06-28,1046317.55,0.0036469479999602884,0.04631755000000015
2024-07-01,1050258.55,0.003766542958206139,0.050258550000000124
2024-07-02,1048676.55,-0.0015062957592680392,0.04867655000000015
2024-07-03,1044536.55,-0.003947833104497283,0.04453655000000012
2024-07-04,1044319.55,-0.00020774763697833262,0.044319549999999985
2024-07-05,1040396.55,-0.00375651303281644,0.04039655000000009
2024-07-08,1044073.55,0.0035342293282306634,0.04407355000000002
2024-07-09,1048640.55,0.0043742129086595475,0.048640550000000005
2024-07-10,1051864.55,0.003074456733529902,0.05186455000000012
2024-07-11,1049795.5,-0.001967030831108479,0.049795500000000104
2024-07-12,1051020.5,0.0011668939331517425,0.05102049999999991
2024-07-15,1048419.5,-0.002474737647838458,0.04841950000000006
2024-07-16,1058421.5,0.009540074369086039,0.058421499999999904
2024-07-17,1062393.5,0.003752758234786425,0.06239349999999999
2024-07-18,1062205.5,-0.0001769589139993797,0.062205499999999914
2024-07-19,1059105.5,-0.0029184559861533386,0.05910550000000003
2024-07-22,1051028.5,-0.007626246865869359,0.05102849999999992
2024-07-23,1041836.5,-0.008745719074221107,0.041836500000000054
2024-07-24,1035115.7,-0.0064509162426158485,0.03511569999999997
2024-07-25,1037042.7,0.0018616276422046348,0.037042699999999984
2024-07-26,1034990.7,-0.0019787034805799223,0.03499070000000004
2024-07-29,1030428.7,-0.0044077690746399945,0.030428699999999864
2024-07-30,1027301.7,-0.0030346592636637548,0.027301699999999984
2024-07-31,1040519.7,0.012866716759059194,0.040519699999999936
2024-08-01,1039551.7,-0.0009303043469527776,0.039551699999999856
2024-08-02,1036493.7,-0.0029416526373820563,0.03649369999999985
2024-08-05,1037047.7,0.0005344943244710509,0.03704770000000002
2024-08-06,1037278.7,0.00022274770967622802,0.03727869999999989
2024-08-07,1032883.7,-0.004237048345830296,0.03288369999999996
2024-08-08,1033083.7,0.0001936326422810235,0.03308369999999994
2024-08-09,1031519.7,-0.0015139141194464689,0.03151970000000004
2024-08-12,1029814.7,-0.0016529010546284283,0.029814699999999972
2024-08-13,1025604.7,-0.004088114104411211,0.025604699999999925
2024-08-14,1024517.7,-0.0010598625376814284,0.024517699999999865
2024-08-15,1027720.7,0.0031263491104155643,0.02772069999999993
2024-08-16,1032047.7,0.004210287872960037,0.0320476999999999
2024-08-19,1028132.7,-0.0037934293153310647,0.02813270000000001
2024-08-20,1029764.7,0.0015873437349089277,0.029764699999999866
2024-08-21,1028491.7,-0.0012362047368685294,0.02849170000000001
2024-08-22,1036820.7,0.008098266617027634,0.03682070000000004
2024-08-23,1040186.7,0.0032464629612429614,0.04018670000000002
2024-08-26,1039398.7,-0.0007575563117659551,0.03939870000000001
2024-08-27,1040217.7,0.0007879555746991026,0.04021769999999991
2024-08-28,1042563.7,0.002255297136359053,0.04256369999999987
2024-08-29,1040386.7,-0.00208812180972731,0.0403867
2024-08-30,1039944.7,-0.00042484203229433825,0.039944699999999944
2024-09-02,1033086.7,-0.006594581423416073,0.03308669999999991
2024-09-03,1034977.7,0.0018304368839517535,0.0349777
2024-09-04,1032163.7,-0.002718899160822499,0.032163699999999906
2024-09-05,1033491.45,0.0012863754073118442,0.03349144999999987
2024-09-06,1026507.45,-0.006757675644051047,0.026507449999999988
2024-09-09,1025475.85,-0.001004961045338713,0.025475850000000078
2024-09-10,1025746.85,0.0002642675592994218,0.025746849999999988
2024-09-11,1023087.85,-0.002592257534107953,0.02308785000000002
2024-09-12,1020684.85,-0.002348771906537645,0.020684849999999866
2024-09-13,1020027.1499999999,-0.0006443712767952516,0.020027149999999994
2024-09-18,1023723.1499999999,0.003623432964504916,0.023723149999999915
2024-09-19,1023271.1499999999,-0.0004415256214534174,0.023271149999999796
2024-09-20,1025623.1499999999,0.002298511005611758,0.025623149999999928
2024-09-23,1030345.1499999999,0.004604030242492089,0.03034514999999982
2024-09-24,1061779.15,0.030508223385144292,0.061779150000000005
2024-09-25,1074929.75,0.012385438158208414,0.0749297499999999
2024-09-26,1089825.75,0.013857649767345262,0.08982574999999993
2024-09-27,1099739.15,0.009096316544181405,0.09973915
2024-09-30,1137599.15,0.0344263455565804,0.13759915
2024-10-08,1172780.15,0.03092565601864242,0.1727801499999999
2024-10-09,1131750.15,-0.03498524425059548,0.13175015
2024-10-10,1146129.15,0.012705101033121136,0.14612914999999993
2024-10-11,1134258.15,-0.010357471494377402,0.13425814999999997
2024-10-14,1141308.15,0.006215516282602863,0.14130814999999997
2024-10-15,1130678.15,-0.009313873733399697,0.13067814999999983
2024-10-16,1128209.8499999999,-0.002183026177697028,0.12820984999999996
2024-10-17,1120244.8499999999,-0.007059856816531074,0.12024484999999996
2024-10-18,1131744.8499999999,0.010265612914890884,0.1317448499999998
2024-10-21,1129985.8499999999,-0.0015542372470261298,0.12998584999999996
2024-10-22,1134369.8499999999,0.003879694599715563,0.1343698499999999
2024-10-23,1138657.8499999999,0.0037800722577385148,0.13865784999999975
2024-10-24,1128138.8499999999,-0.009238069188211368,0.1281388499999998
2024-10-25,1124392.8499999999,-0.0033205132506517266,0.12439284999999978
2024-10-28,1125648.8499999999,0.0011170473024619467,0.12564884999999992
2024-10-29,1121568.8499999999,-0.0036245761722228033,0.12156884999999984
2024-10-30,1116472.8499999999,-0.004543635462058349,0.11647284999999985
2024-10-31,1120519.8499999999,0.003624808252166634,0.12051984999999976
2024-11-01,1125520.8499999999,0.004463107012338961,0.1255208499999998
2024-11-04,1131783.8499999999,0.005564534855129517,0.13178384999999992
2024-11-05,1140174.8499999999,0.0074139598298738766,0.14017484999999996
2024-11-06,1133020.8499999999,-0.006274476234938878,0.13302084999999986
2024-11-07,1153068.8499999999,0.017694290444875752,0.15306884999999992
2024-11-08,1147983.7999999998,-0.0044100141981981795,0.14798379999999978
2024-11-11,1148277.7999999998,0.0002561011749468939,0.1482777999999998
2024-11-12,1146672.7999999998,-0.0013977453887900647,0.14667279999999971
2024-11-13,1147718.7999999998,0.0009122044230926208,0.14771879999999982
2024-11-14,1140163.7999999998,-0.006582622851520775,0.14016379999999984
2024-11-15,1132490.7999999998,-0.006729734797754499,0.1324907999999998
2024-11-18,1126728.5499999998,-0.005088120804160176,0.12672854999999972
2024-11-19,1120741.5499999998,-0.005313613469721701,0.12074154999999975
2024-11-20,1120713.5499999998,-2.498345849674263e-05,0.12071354999999984
2024-11-21,1119857.5499999998,-0.0007637990992435134,0.11985754999999987
2024-11-22,1106166.5499999998,-0.012225662094254758,0.10616654999999975
2024-11-25,1105059.9499999997,-0.0010003918487682469,0.10505994999999979
2024-11-26,1106819.9499999997,0.0015926737730382868,0.10681994999999977
2024-11-27,1109435.9499999997,0.0023635280516944067,0.10943594999999973
2024-11-28,1104267.9499999997,-0.004658222946534229,0.10426794999999967
2024-11-29,1109323.9499999997,0.004578598880824171,0.10932394999999961
2024-12-02,1120699.9499999997,0.01025489443367738,0.12069994999999967
2024-12-03,1121227.9499999997,0.000471134133627828,0.12122794999999975
2024-12-04,1115099.95,-0.005465436354846281,0.11509995000000006
2024-12-05,1115715.9499999997,0.00055241684837289,0.11571594999999979
2024-12-06,1123787.9499999997,0.007234816352674713,0.12378794999999965
2024-12-09,1120963.9499999997,-0.0025129295967268564,0.12096394999999971
2024-12-10,1129619.9499999997,0.007721925401793699,0.1296199499999997
2024-12-11,1128243.9499999997,-0.001218108798450311,0.12824394999999966
2024-12-12,1132035.9499999997,0.0033609752571684528,0.13203594999999968
2024-12-13,1114563.9499999997,-0.015434138818647945,0.11456394999999975
2024-12-16,1107643.9499999997,-0.0062087061043020475,0.10764394999999971
2024-12-17,1112099.9499999997,0.004022953404837359,0.11209994999999973
2024-12-18,1110555.9499999997,-0.0013883644181442508,0.11055594999999974
2024-12-19,1116323.9499999997,0.005193795053729622,0.11632394999999973
2024-12-20,1114451.9499999997,-0.0016769325785763178,0.11445194999999964
2024-12-23,1110515.9499999997,-0.0035317808004194356,0.1105159499999997
2024-12-24,1115027.9499999997,0.004062976312947149,0.11502794999999977
2024-12-25,1113443.9499999997,-0.0014205921923302464,0.11344394999999974
2024-12-26,1119651.9499999997,0.0055754939438127996,0.11965194999999973
2024-12-27,1114607.9499999997,-0.004504971388653412,0.11460794999999968
2024-12-30,1116167.9499999997,0.0013995952567896187,0.11616794999999969
2024-12-31,1111539.9499999997,-0.004146329412164183,0.11153994999999961
