code,entry_date,exit_date,entry_price,exit_price,shares,pnl,pnl_pct,holding_days,exit_reason
sh.600875,2025-01-03,2025-01-06,14.719,14.298,10200,-4485.17,-0.0286,3,signal_reverse
sh.600183,2025-01-06,2025-01-09,22.017,25.294,4700,15248.2,0.1488,3,take_profit
sz.001965,2025-01-03,2025-01-13,12.898,12.661,11600,-2946.93,-0.0184,10,timeout
sh.601838,2025-01-03,2025-01-13,16.077,15.902,9300,-1820.93,-0.0109,10,timeout
sh.600919,2025-01-03,2025-01-13,9.003,9.019,16600,83.87,0.0019,10,timeout
sz.002384,2025-01-03,2025-01-13,29.516,29.338,5000,-1083.48,-0.006,10,timeout
sh.601288,2025-01-03,2025-01-13,4.801,4.752,31200,-1717.88,-0.0102,10,timeout
sh.600176,2025-01-15,2025-01-16,11.093,11.157,500,25.06,0.0058,1,signal_reverse
sz.300866,2025-01-08,2025-01-20,97.021,102.417,1500,7894.64,0.0556,12,timeout
sh.603993,2025-01-10,2025-01-20,6.667,6.73,17800,966.5,0.0095,10,timeout
sz.002050,2025-01-14,2025-01-21,26.024,29.898,5700,21858.81,0.1488,7,take_profit
sz.300476,2025-01-14,2025-01-22,46.328,53.224,3200,21845.65,0.1488,8,take_profit
sz.002384,2025-01-14,2025-01-22,29.117,33.451,5100,21881.98,0.1488,8,take_profit
sh.601288,2025-01-14,2025-01-24,4.752,4.761,31500,101.11,0.002,10,timeout
sz.002920,2025-01-15,2025-01-27,105.539,105.825,1300,193.62,0.0027,12,timeout
sz.000408,2025-01-17,2025-01-27,31.332,29.641,200,-345.93,-0.054,10,timeout
sz.300308,2025-01-23,2025-01-27,131.89,118.583,1100,-14808.08,-0.1009,4,stop_loss
sz.300476,2025-01-23,2025-01-27,58.869,52.929,2500,-15021.64,-0.1009,4,stop_loss
sh.600460,2025-01-21,2025-02-05,25.484,25.703,5800,1072.79,0.0086,15,timeout
sh.603993,2025-01-21,2025-02-05,6.782,6.892,18500,1879.35,0.0163,15,timeout
sz.002050,2025-01-22,2025-02-05,29.686,32.155,5000,12135.04,0.0832,14,timeout
sh.600919,2025-01-27,2025-02-06,9.361,9.21,16000,-2621.96,-0.0162,10,timeout
sz.002920,2025-02-05,2025-02-07,107.972,124.044,1300,20683.5,0.1488,2,take_profit
sz.000895,2025-02-05,2025-02-11,24.159,23.061,1400,-1578.25,-0.0454,6,signal_reverse
sz.300832,2025-02-10,2025-02-11,59.649,59.53,2500,-491.42,-0.002,1,signal_reverse
sz.000408,2025-02-05,2025-02-17,29.971,31.067,5000,5280.35,0.0366,12,timeout
sz.002475,2025-02-05,2025-02-17,40.386,42.355,3700,7082.46,0.0488,12,timeout
sz.300308,2025-02-06,2025-02-17,100.266,114.729,1400,20040.06,0.1443,11,timeout
sh.600460,2025-02-06,2025-02-17,25.734,26.58,5800,4707.72,0.0329,11,timeout
sh.603993,2025-02-06,2025-02-17,6.963,6.758,21300,-4550.01,-0.0294,11,timeout
sz.002594,2025-02-07,2025-02-17,105.516,114.684,1400,12626.32,0.0869,10,timeout
sz.002050,2025-02-12,2025-02-24,31.873,33.152,4700,5810.54,0.0401,12,timeout
sz.300476,2025-02-12,2025-02-24,53.985,53.007,700,-732.7,-0.0181,12,timeout
sz.300832,2025-02-18,2025-02-26,60.823,58.825,2400,-4977.09,-0.0328,8,signal_reverse
sh.600176,2025-02-25,2025-02-26,11.093,11.042,13500,-883.54,-0.0046,1,signal_reverse
sz.300502,2025-02-18,2025-02-26,86.052,77.37,1700,-14931.53,-0.1009,8,stop_loss
sz.002594,2025-02-18,2025-02-28,115.869,119.067,1200,3651.23,0.0276,10,timeout
sz.000408,2025-02-18,2025-02-28,31.12,30.788,4800,-1785.66,-0.0107,10,timeout
sh.600460,2025-02-18,2025-02-28,26.673,25.443,5600,-7074.39,-0.0461,10,timeout
sz.002938,2025-02-18,2025-02-28,39.84,38.707,3700,-4379.45,-0.0284,10,timeout
sz.002050,2025-02-25,2025-03-03,32.456,30.12,3000,-7126.09,-0.072,6,signal_reverse
sz.002384,2025-02-27,2025-03-03,34.769,31.261,3500,-12420.8,-0.1009,4,stop_loss
sz.002594,2025-03-03,2025-03-04,121.673,111.896,1200,-11906.33,-0.0804,1,signal_reverse
sh.600031,2025-03-03,2025-03-05,17.666,18.79,8400,9236.05,0.0636,2,signal_reverse
sz.300476,2025-03-04,2025-03-06,50.915,58.493,2900,21757.49,0.1488,2,take_profit
sh.600795,2025-02-27,2025-03-10,4.062,3.948,36900,-4378.53,-0.028,11,timeout
sh.601288,2025-02-27,2025-03-10,4.846,4.78,30900,-2242.66,-0.0137,11,timeout
sz.300866,2025-03-07,2025-03-11,104.306,99.637,1400,-6717.78,-0.0448,4,signal_reverse
sz.000408,2025-03-03,2025-03-12,31.033,35.652,4800,21949.71,0.1488,9,take_profit
sh.600989,2025-03-03,2025-03-13,15.735,16.516,8500,6453.24,0.0496,10,timeout
sh.603259,2025-03-04,2025-03-14,57.771,61.311,900,3113.93,0.0613,10,timeout
sz.300476,2025-03-11,2025-03-14,67.308,77.327,2200,21820.26,0.1489,3,take_profit
sz.002384,2025-03-05,2025-03-17,30.076,34.36,4400,18656.52,0.1425,12,timeout
sh.600036,2025-03-06,2025-03-17,40.117,42.043,3700,6926.95,0.048,11,timeout
sz.002594,2025-03-17,2025-03-18,126.065,127.863,1100,1795.26,0.0143,1,signal_reverse
sh.601288,2025-03-11,2025-03-21,4.78,4.808,31400,690.34,0.0059,10,timeout
sh.600938,2025-03-12,2025-03-24,24.013,25.126,6200,6698.99,0.0464,12,timeout
sh.600795,2025-03-13,2025-03-24,4.042,4.188,37100,5186.76,0.0359,11,timeout
sz.000408,2025-03-14,2025-03-24,36.382,34.555,4100,-7672.71,-0.0502,10,timeout
sz.002594,2025-03-24,2025-03-25,124.311,124.385,1200,-105.09,0.0006,1,signal_reverse
sh.600183,2025-03-18,2025-03-25,29.497,26.521,5000,-15053.77,-0.1009,7,stop_loss
sz.300476,2025-03-17,2025-03-27,83.573,82.081,1400,-2237.73,-0.0178,10,timeout
sh.603993,2025-03-18,2025-03-28,7.422,7.36,20200,-1456.96,-0.0084,10,timeout
sz.002050,2025-03-28,2025-03-31,29.686,29.083,3800,-2433.03,-0.0203,3,signal_reverse
sz.300502,2025-03-19,2025-03-31,71.482,69.733,2100,-3863.25,-0.0245,12,timeout
sh.600795,2025-03-25,2025-04-01,4.196,4.264,35700,2239.65,0.0163,7,signal_reverse
sz.002475,2025-03-31,2025-04-03,40.684,36.869,3600,-13905.61,-0.0938,3,signal_reverse
sz.300476,2025-04-01,2025-04-03,81.126,72.941,1800,-14904.86,-0.1009,2,stop_loss
sz.300832,2025-04-02,2025-04-07,57.14,52.998,2600,-10948.01,-0.0725,5,signal_reverse
sz.000408,2025-03-25,2025-04-07,34.702,31.356,4300,-14561.47,-0.0964,13,timeout
sh.600919,2025-03-25,2025-04-07,9.028,8.858,16600,-3017.49,-0.0189,13,timeout
sh.601288,2025-03-26,2025-04-07,4.894,4.752,30600,-4535.23,-0.029,12,timeout
sh.600938,2025-03-26,2025-04-07,25.319,22.109,5400,-17491.18,-0.1268,12,timeout
sz.002384,2025-04-01,2025-04-07,32.792,29.483,3400,-11379.8,-0.1009,6,stop_loss
sh.600919,2025-04-08,2025-04-09,8.837,8.867,16900,310.73,0.0034,1,signal_reverse
sh.600176,2025-04-08,2025-04-09,11.547,11.524,13000,-494.67,-0.002,1,signal_reverse
sh.600036,2025-04-08,2025-04-09,38.143,37.899,3900,-1144.66,-0.0064,1,signal_reverse
sz.300476,2025-04-08,2025-04-09,64.881,58.335,2300,-15231.43,-0.1009,1,stop_loss
sz.001965,2025-04-07,2025-04-14,12.03,12.468,12400,5231.54,0.0364,7,signal_reverse
sh.600875,2025-04-08,2025-04-16,13.836,14.925,2900,3101.18,0.0787,8,signal_reverse
sz.300866,2025-04-07,2025-04-17,72.759,74.921,1600,3303.54,0.0297,10,timeout
sz.000895,2025-04-08,2025-04-18,24.49,25.049,6100,3207.76,0.0228,10,timeout
sz.300476,2025-04-10,2025-04-21,70.329,81.459,2100,23149.03,0.1582,11,timeout
sh.600489,2025-04-10,2025-04-21,13.139,15.01,11400,21103.2,0.1424,11,timeout
sh.601288,2025-04-14,2025-04-24,4.846,5.281,30900,13208.23,0.0896,10,timeout
sh.600460,2025-04-15,2025-04-25,23.985,24.326,6200,1918.49,0.0142,10,timeout
sh.600674,2025-04-16,2025-04-28,16.283,16.563,8600,2216.23,0.0171,12,timeout
sh.600919,2025-04-17,2025-04-28,9.266,9.638,4600,1651.55,0.0401,11,timeout
sz.002714,2025-04-18,2025-04-28,38.941,38.068,3000,-2767.68,-0.0224,10,timeout
sh.600875,2025-04-29,2025-04-30,14.866,14.886,4600,-0.41,0.0013,1,signal_reverse
sz.002920,2025-04-21,2025-05-06,99.382,105.758,1500,9357.95,0.0642,15,timeout
sz.000408,2025-04-22,2025-05-06,34.431,35.548,4300,4602.04,0.0324,14,timeout
sz.300866,2025-04-22,2025-05-06,81.407,84.884,1800,6060.29,0.0427,14,timeout
sh.601288,2025-04-25,2025-05-06,5.301,5.082,28300,-6368.27,-0.0412,11,timeout
sh.603993,2025-04-28,2025-05-08,6.887,6.844,21800,-1118.23,-0.0062,10,timeout
sh.600674,2025-04-29,2025-05-09,16.596,16.787,9000,1521.91,0.0115,10,timeout
sh.600919,2025-04-29,2025-05-09,9.676,10.085,15500,6133.15,0.0422,10,timeout
sz.002241,2025-05-07,2025-05-13,22.152,23.489,6700,8756.49,0.0604,6,signal_reverse
sz.300866,2025-05-07,2025-05-13,87.647,100.693,1700,21956.09,0.1488,6,take_profit
sh.600460,2025-05-06,2025-05-16,25.214,24.486,2700,-2053.16,-0.0289,10,timeout
sz.002920,2025-05-07,2025-05-19,107.631,105.58,1300,-2845.02,-0.0191,12,timeout
sz.000408,2025-05-07,2025-05-19,35.918,34.469,4100,-6127.63,-0.0404,12,timeout
sz.300308,2025-05-09,2025-05-19,94.197,94.595,1500,411.87,0.0042,10,timeout
sh.600674,2025-05-12,2025-05-22,16.772,17.069,8900,2452.42,0.0178,10,timeout
sz.002475,2025-05-12,2025-05-22,33.093,31.462,4500,-7522.66,-0.0493,10,timeout
sz.300832,2025-05-14,2025-05-26,53.448,53.912,2800,1104.41,0.0087,12,timeout
sz.300866,2025-05-14,2025-05-26,95.686,97.03,1500,1826.67,0.014,12,timeout
sz.002594,2025-05-19,2025-05-28,127.938,122.552,1000,-5545.26,-0.0421,9,signal_reverse
sh.600674,2025-05-23,2025-05-30,17.074,16.504,8700,-5145.35,-0.0334,7,signal_reverse
sz.002920,2025-05-20,2025-05-30,105.781,109.144,1400,4508.54,0.0318,10,timeout
sz.000408,2025-05-20,2025-05-30,34.615,34.941,4300,1206.15,0.0094,10,timeout
sh.603993,2025-05-20,2025-05-30,6.887,6.873,19600,-444.82,-0.002,10,timeout
sz.300476,2025-05-23,2025-05-30,75.598,86.85,1900,21165.62,0.1488,7,take_profit
sz.300476,2025-06-03,2025-06-05,84.937,97.579,1700,21277.15,0.1489,2,take_profit
sz.300832,2025-05-27,2025-06-06,53.972,61.315,2700,19610.57,0.136,10,timeout
sh.600919,2025-05-27,2025-06-06,10.343,10.608,14500,3638.97,0.0256,10,timeout
sz.002920,2025-06-06,2025-06-09,104.99,98.462,1400,-9318.1,-0.0622,3,signal_reverse
sh.601288,2025-05-29,2025-06-09,5.235,5.281,23600,928.83,0.0088,11,timeout
sz.002384,2025-06-03,2025-06-09,27.778,31.912,5400,22103.45,0.1488,6,take_profit
sz.000408,2025-06-03,2025-06-13,35.339,38.988,4200,15112.71,0.1033,10,timeout
sh.600938,2025-06-03,2025-06-13,24.766,26.316,6000,9091.38,0.0626,10,timeout
sh.600183,2025-06-03,2025-06-13,25.895,27.619,5700,9620.8,0.0666,10,timeout
sz.300832,2025-06-09,2025-06-16,61.126,58.92,2400,-5478.78,-0.0361,7,signal_reverse
sz.300476,2025-06-10,2025-06-18,100.462,115.416,1400,20725.22,0.1488,8,take_profit
sz.002241,2025-06-09,2025-06-19,21.845,22.916,6800,7084.13,0.0491,10,timeout
sh.603993,2025-06-10,2025-06-20,7.241,7.427,20700,3650.26,0.0257,10,timeout
sh.600919,2025-06-10,2025-06-20,10.667,11.303,14000,8686.43,0.0595,10,timeout
sz.000408,2025-06-16,2025-06-26,39.143,40.52,3800,5031.87,0.0352,10,timeout
sh.601288,2025-06-16,2025-06-26,5.301,5.744,28300,12321.48,0.0835,10,timeout
sz.002938,2025-06-16,2025-06-26,29.059,30.699,5100,8159.8,0.0564,10,timeout
sz.300476,2025-06-23,2025-06-26,111.601,128.213,1300,21378.71,0.1488,3,take_profit
sz.002475,2025-06-17,2025-06-27,31.664,33.542,4700,8620.41,0.0593,10,timeout
sz.300433,2025-06-19,2025-06-30,21.829,22.203,6800,2350.75,0.0172,11,timeout
sz.002241,2025-06-20,2025-06-30,22.883,23.015,6500,663.04,0.0058,10,timeout
sh.603993,2025-06-23,2025-07-02,7.47,8.582,20000,22015.72,0.1488,9,take_profit
sz.300476,2025-06-27,2025-07-04,127.345,146.301,1100,20641.68,0.1488,7,take_profit
sz.000408,2025-06-27,2025-07-07,41.016,40.78,3600,-1040.92,-0.0058,10,timeout
sh.600460,2025-06-27,2025-07-07,24.725,24.346,6000,-2464.29,-0.0153,10,timeout
sh.600919,2025-06-27,2025-07-07,11.85,11.893,12600,346.02,0.0036,10,timeout
sz.300502,2025-06-30,2025-07-10,124.825,132.917,1200,9503.35,0.0648,10,timeout
sz.002920,2025-07-01,2025-07-11,100.697,100.654,1400,-243.73,-0.0004,10,timeout
sz.300433,2025-07-01,2025-07-11,22.268,22.591,6700,1973.37,0.0145,10,timeout
sh.600919,2025-07-08,2025-07-14,11.916,11.518,12600,-5207.46,-0.0334,6,signal_reverse
sh.600938,2025-07-08,2025-07-14,24.833,25.412,6000,3278.77,0.0233,6,signal_reverse
sz.002475,2025-07-03,2025-07-14,33.728,35.214,4400,6338.14,0.0441,11,timeout
sz.300502,2025-07-11,2025-07-15,134.424,154.433,1100,21789.12,0.1488,4,take_profit
sh.603993,2025-07-07,2025-07-17,8.318,7.967,18000,-6512.51,-0.0422,10,timeout
sh.600460,2025-07-08,2025-07-18,24.424,25.415,6100,5838.44,0.0405,10,timeout
sh.600183,2025-07-15,2025-07-22,34.148,39.231,4300,21637.31,0.1488,7,take_profit
sz.002920,2025-07-14,2025-07-24,100.865,103.24,1400,3137.15,0.0235,10,timeout
sz.000408,2025-07-14,2025-07-24,41.142,45.945,3600,17076.96,0.1168,10,timeout
sz.300502,2025-07-18,2025-07-24,186.686,167.85,800,-15243.9,-0.1009,6,stop_loss
sz.002475,2025-07-15,2025-07-25,35.325,38.172,4200,11750.39,0.0806,10,timeout
sh.600938,2025-07-15,2025-07-25,25.356,25.373,5900,-91.4,0.0007,10,timeout
sh.600176,2025-07-25,2025-07-28,12.845,12.593,11600,-3112.51,-0.0196,3,signal_reverse
sz.300308,2025-07-16,2025-07-28,179.583,191.255,800,9139.11,0.065,12,timeout
sh.600031,2025-07-23,2025-07-30,21.133,19.869,7100,-9160.04,-0.0598,7,signal_reverse
sh.600460,2025-07-21,2025-07-31,25.546,25.564,5800,-83.19,0.0007,10,timeout
sz.300502,2025-07-25,2025-07-31,172.472,198.145,800,20331.93,0.1488,6,take_profit
sz.002241,2025-07-28,2025-08-01,23.674,22.719,6300,-6204.26,-0.0404,4,signal_reverse
sz.002475,2025-07-29,2025-08-01,37.47,36.569,4000,-3795.92,-0.0241,3,signal_reverse
sz.300832,2025-07-31,2025-08-04,55.983,52.521,2600,-9178.71,-0.0618,4,signal_reverse
sz.002920,2025-07-25,2025-08-04,104.159,101.315,1400,-4165.86,-0.0273,10,timeout
sh.600460,2025-08-05,2025-08-06,26.116,25.934,5700,-1229.86,-0.007,1,signal_reverse
sz.000408,2025-07-28,2025-08-07,45.091,48.585,3300,11323.61,0.0775,10,timeout
sh.603993,2025-07-29,2025-08-08,8.999,9.612,16600,9956.53,0.068,10,timeout
sz.300308,2025-08-01,2025-08-11,212.263,214.062,700,1064.33,0.0085,10,timeout
sz.300502,2025-08-01,2025-08-11,185.325,192.697,800,5697.17,0.0398,10,timeout
sz.300502,2025-08-12,2025-08-13,193.573,222.387,700,19967.01,0.1488,1,take_profit
sh.600938,2025-08-04,2025-08-14,25.073,25.12,5900,86.22,0.0019,10,timeout
sh.601288,2025-08-04,2025-08-14,6.128,6.675,24500,13194.6,0.0893,10,timeout
sz.002920,2025-08-05,2025-08-15,101.627,107.564,1400,8116.41,0.0584,10,timeout
sh.600460,2025-08-07,2025-08-18,26.456,27.712,5600,6830.9,0.0475,11,timeout
sz.000408,2025-08-08,2025-08-18,48.461,47.978,3000,-1633.93,-0.01,10,timeout
sh.603993,2025-08-11,2025-08-21,9.749,10.892,15400,17377.6,0.1172,10,timeout
sz.300832,2025-08-12,2025-08-22,55.476,58.257,2700,7305.78,0.0501,10,timeout
sz.300502,2025-08-15,2025-08-22,230.24,264.511,600,20356.42,0.1489,7,take_profit
sz.300308,2025-08-14,2025-08-25,246.102,318.975,600,43474.69,0.2961,11,timeout
sz.002475,2025-08-15,2025-08-25,38.019,42.773,3900,18323.87,0.125,10,timeout
sh.600460,2025-08-19,2025-08-25,27.768,31.901,5400,22095.49,0.1488,6,take_profit
sz.002625,2025-08-22,2025-08-27,48.538,55.763,3000,21457.39,0.1488,5,take_profit
sh.600938,2025-08-26,2025-08-28,25.366,24.896,5900,-2960.14,-0.0185,2,signal_reverse
sh.600176,2025-08-18,2025-08-28,13.289,13.961,11200,7322.88,0.0506,10,timeout
sz.300502,2025-08-25,2025-08-28,283.603,325.818,500,20895.4,0.1488,3,take_profit
sz.002050,2025-08-19,2025-08-29,28.896,31.778,5100,14491.95,0.0998,10,timeout
sz.300308,2025-08-26,2025-08-29,313.221,359.844,400,18462.07,0.1489,3,take_profit
sz.002594,2025-09-01,2025-09-02,108.608,108.681,1300,-89.15,0.0007,1,signal_reverse
sz.002625,2025-08-28,2025-09-03,55.856,50.22,2600,-14822.95,-0.1009,6,stop_loss
sz.300308,2025-09-01,2025-09-03,372.3,427.716,400,21944.31,0.1488,2,take_profit
sz.000408,2025-08-25,2025-09-04,48.422,51.582,3100,9588.97,0.0653,10,timeout
sz.300502,2025-08-29,2025-09-04,350.35,315.0,400,-14303.93,-0.1009,6,stop_loss
sz.002050,2025-09-03,2025-09-04,32.841,29.527,4500,-15084.14,-0.1009,1,stop_loss
sz.300308,2025-09-04,2025-09-04,435.473,391.534,300,-13334.47,-0.1009,0,stop_loss
sz.300832,2025-08-26,2025-09-05,57.408,63.283,2600,15060.19,0.1023,10,timeout
sh.600176,2025-08-29,2025-09-08,15.389,15.309,9700,-968.44,-0.0052,10,timeout
sh.601838,2025-08-29,2025-09-08,18.569,18.342,8000,-2006.03,-0.0122,10,timeout
sz.300308,2025-09-05,2025-09-11,377.563,433.764,300,16690.92,0.1488,6,take_profit
sz.300502,2025-09-05,2025-09-11,321.321,369.15,400,18939.49,0.1488,6,take_profit
sh.601288,2025-09-05,2025-09-12,7.201,7.003,20800,-4300.77,-0.0275,7,signal_reverse
sh.600875,2025-09-04,2025-09-15,18.989,19.431,7900,3288.93,0.0233,11,timeout
sz.000408,2025-09-05,2025-09-15,52.158,55.746,2800,9843.37,0.0688,10,timeout
sz.300832,2025-09-08,2025-09-16,63.409,66.769,2300,7527.88,0.053,8,signal_reverse
sz.002050,2025-09-09,2025-09-17,34.109,39.187,4400,22115.46,0.1488,8,take_profit
sh.600176,2025-09-09,2025-09-19,15.093,15.377,9900,2620.37,0.0189,10,timeout
sz.300308,2025-09-12,2025-09-22,416.496,416.661,300,-113.11,0.0004,10,timeout
sz.300502,2025-09-12,2025-09-22,360.36,342.657,400,-7259.38,-0.0491,10,timeout
sh.600660,2025-09-17,2025-09-23,70.052,69.564,2100,-1214.35,-0.007,6,signal_reverse
sh.600938,2025-09-15,2025-09-25,25.658,25.899,5800,1201.54,0.0094,10,timeout
sz.000630,2025-09-23,2025-09-26,4.349,4.627,34500,9384.43,0.0639,3,signal_reverse
sz.000408,2025-09-16,2025-09-26,56.448,53.399,2600,-8107.48,-0.054,10,timeout
sh.600875,2025-09-16,2025-09-26,19.59,18.931,7600,-5191.79,-0.0336,10,timeout
sz.002050,2025-09-18,2025-09-29,42.959,46.452,3400,11669.98,0.0813,11,timeout
sh.600176,2025-09-22,2025-10-09,15.26,16.735,9800,14239.73,0.0966,17,timeout
sh.600989,2025-09-23,2025-10-09,16.237,17.78,9200,13988.85,0.0951,16,timeout
sh.603986,2025-09-24,2025-10-09,194.511,224.937,700,21093.21,0.1564,15,timeout
sh.600938,2025-09-26,2025-10-09,25.902,25.773,5700,-929.95,-0.005,13,timeout
sh.600489,2025-09-29,2025-10-09,20.911,24.096,7100,22391.02,0.1523,10,timeout
sz.300750,2025-09-29,2025-10-09,380.756,403.159,300,6563.52,0.0588,10,timeout
sz.000408,2025-09-30,2025-10-10,56.084,59.605,2600,8953.65,0.0628,10,timeout
sz.002050,2025-09-30,2025-10-10,46.235,45.395,3200,-2876.81,-0.0182,10,timeout
sz.002384,2025-10-10,2025-10-14,69.569,62.55,2100,-14911.84,-0.1009,4,stop_loss
sz.300750,2025-10-10,2025-10-14,395.204,355.328,300,-12101.41,-0.1009,4,stop_loss
sh.600036,2025-10-15,2025-10-16,40.251,40.415,3700,408.85,0.0041,1,signal_reverse
sh.600176,2025-10-10,2025-10-17,16.65,15.751,9000,-8275.81,-0.054,7,signal_reverse
sh.600938,2025-10-10,2025-10-20,25.756,26.074,5800,1647.29,0.0123,10,timeout
sh.600489,2025-10-10,2025-10-20,23.503,23.606,6300,454.87,0.0044,10,timeout
sh.600176,2025-10-20,2025-10-21,15.384,15.304,9700,-973.42,-0.0052,1,signal_reverse
sz.000408,2025-10-13,2025-10-23,57.776,57.504,2500,-868.26,-0.0047,10,timeout
sz.002050,2025-10-13,2025-10-23,42.35,47.807,3500,18884.35,0.1289,10,timeout
sh.600919,2025-10-14,2025-10-24,9.97,10.56,15000,8641.93,0.0592,10,timeout
sz.300308,2025-10-21,2025-10-24,409.925,470.942,300,18121.53,0.1488,3,take_profit
sh.601838,2025-10-15,2025-10-27,18.198,17.942,8200,-2291.61,-0.0141,12,timeout
sh.600875,2025-10-17,2025-10-27,20.841,21.449,7200,4174.75,0.0292,10,timeout
sz.000630,2025-10-28,2025-10-29,5.548,5.309,27000,-6625.33,-0.043,1,signal_reverse
sh.600919,2025-10-28,2025-10-31,10.61,10.366,14100,-3627.81,-0.023,3,signal_reverse
sh.600938,2025-10-21,2025-10-31,26.126,27.083,5700,5253.02,0.0366,10,timeout
sh.600176,2025-10-22,2025-11-03,15.344,15.791,9700,4133.42,0.0291,12,timeout
sz.002050,2025-10-24,2025-11-03,48.043,48.635,3100,1638.62,0.0123,10,timeout
sh.601288,2025-10-24,2025-11-03,7.587,7.727,19700,2543.94,0.0183,10,timeout
sh.600176,2025-11-04,2025-11-05,15.743,15.393,9500,-3511.91,-0.0222,1,signal_reverse
sz.000408,2025-10-27,2025-11-05,58.927,52.982,2500,-15036.61,-0.1009,9,stop_loss
sz.000630,2025-10-30,2025-11-05,5.429,4.881,27600,-15293.5,-0.1009,6,stop_loss
sz.300308,2025-10-27,2025-11-06,503.888,495.796,200,-1747.16,-0.0161,10,timeout
sz.002050,2025-11-07,2025-11-10,48.942,47.668,3000,-4007.99,-0.026,3,signal_reverse
sh.600919,2025-11-03,2025-11-13,10.455,10.676,14300,2963.06,0.0211,10,timeout
sh.600938,2025-11-03,2025-11-13,27.167,28.941,5500,9549.47,0.0653,10,timeout
sz.002384,2025-11-04,2025-11-14,70.22,69.041,2100,-2664.93,-0.0168,10,timeout
sh.601288,2025-11-04,2025-11-14,7.742,8.199,19300,8618.1,0.0591,10,timeout
sz.300832,2025-11-06,2025-11-17,61.243,63.935,2400,6261.67,0.044,11,signal_reverse
sz.001965,2025-11-14,2025-11-17,10.11,10.1,14800,-345.43,-0.001,3,signal_reverse
sh.603986,2025-11-06,2025-11-17,224.398,206.991,600,-10605.43,-0.0776,11,timeout
sh.603993,2025-11-06,2025-11-17,15.69,15.806,9500,910.32,0.0074,11,timeout
sh.600176,2025-11-14,2025-11-18,16.271,15.513,9200,-7163.02,-0.0466,4,signal_reverse
sh.600919,2025-11-17,2025-11-18,10.629,10.482,14100,-2265.75,-0.0138,1,signal_reverse
sz.000630,2025-11-11,2025-11-21,5.27,4.785,28400,-13953.4,-0.092,10,timeout
sz.002384,2025-11-18,2025-11-21,70.771,63.63,2100,-15169.31,-0.1009,3,stop_loss
sh.603986,2025-11-19,2025-11-24,200.159,179.963,700,-14300.97,-0.1009,5,stop_loss
sh.600938,2025-11-26,2025-11-27,28.058,27.852,5300,-1283.22,-0.0073,1,signal_reverse
sz.000408,2025-11-17,2025-11-27,59.921,59.143,2500,-2136.31,-0.013,10,timeout
sh.603993,2025-11-18,2025-11-28,15.69,15.983,9500,2592.13,0.0187,10,timeout
sz.300866,2025-11-28,2025-12-01,109.296,111.846,1300,3126.55,0.0233,3,signal_reverse
sh.600875,2025-11-20,2025-12-01,21.752,21.329,6900,-3110.57,-0.0195,11,timeout
sh.600489,2025-11-20,2025-12-01,22.512,22.847,6600,2012.6,0.0149,11,timeout
sh.600989,2025-11-25,2025-12-02,17.678,18.223,8400,4386.23,0.0309,7,signal_reverse
sh.600176,2025-12-02,2025-12-03,15.653,15.503,9500,-1622.19,-0.0096,1,signal_reverse
sz.002384,2025-11-28,2025-12-04,74.084,66.609,2000,-15123.34,-0.1009,6,stop_loss
sz.001965,2025-12-04,2025-12-08,10.15,9.96,14700,-2984.95,-0.0187,4,signal_reverse
sz.300308,2025-11-27,2025-12-08,536.902,568.757,200,6223.18,0.0593,11,timeout
sz.002920,2025-11-28,2025-12-08,106.939,109.637,1400,3578.42,0.0252,10,timeout
sz.000408,2025-12-01,2025-12-11,62.489,70.691,2400,19464.65,0.1313,10,timeout
sh.600938,2025-12-03,2025-12-12,28.699,28.172,5200,-2930.17,-0.0184,9,signal_reverse
sz.002050,2025-12-05,2025-12-12,43.748,44.757,3400,3233.07,0.0231,7,signal_reverse
sh.600460,2025-12-02,2025-12-12,28.378,28.092,5200,-1679.55,-0.0101,10,timeout
sh.603986,2025-12-02,2025-12-12,211.683,209.375,700,-1806.35,-0.0109,10,timeout
sh.600460,2025-12-15,2025-12-17,27.868,27.203,5300,-3712.3,-0.0239,2,signal_reverse
sz.002920,2025-12-09,2025-12-19,109.797,123.399,1300,17473.12,0.1239,10,timeout
sh.600989,2025-12-09,2025-12-19,18.201,18.036,8200,-1540.52,-0.009,10,timeout
sz.000630,2025-12-09,2025-12-19,5.706,5.455,26300,-6792.0,-0.044,10,timeout
sh.600938,2025-12-15,2025-12-22,28.418,27.772,5200,-3547.93,-0.0227,7,signal_reverse
sz.000408,2025-12-12,2025-12-22,71.63,78.449,2000,13433.99,0.0952,10,timeout
sh.600875,2025-12-22,2025-12-24,23.654,24.456,6300,4851.62,0.0339,2,signal_reverse
sh.603986,2025-12-15,2025-12-25,204.926,221.455,700,11368.7,0.0807,10,timeout
sh.603993,2025-12-15,2025-12-25,16.874,18.416,8800,13358.51,0.0914,10,timeout
sh.600183,2025-12-18,2025-12-25,63.011,72.39,2300,21355.75,0.1489,7,take_profit
sz.300866,2025-12-22,2025-12-29,115.121,111.964,1300,-4292.64,-0.0274,7,signal_reverse
sz.000630,2025-12-25,2025-12-29,5.505,6.104,27200,16060.37,0.1087,4,signal_reverse
sz.002050,2025-12-26,2025-12-31,47.034,54.035,3100,21485.37,0.1488,5,take_profit
sz.000630,2025-12-31,2026-01-05,5.796,5.754,25900,-1269.89,-0.0072,5,signal_reverse
sh.600460,2025-12-22,2026-01-05,27.718,28.691,5400,5055.97,0.0351,14,timeout
sz.000408,2025-12-23,2026-01-05,78.645,88.367,1900,18252.37,0.1236,13,timeout
sh.600176,2025-12-23,2026-01-05,15.534,17.402,9600,17718.22,0.1203,13,timeout
sh.603986,2025-12-26,2026-01-05,220.899,235.102,600,8338.2,0.0643,10,timeout
sh.600183,2025-12-26,2026-01-05,70.358,72.77,2100,4867.77,0.0343,10,timeout
sh.600875,2026-01-06,2026-01-08,24.565,25.375,6100,4740.15,0.033,2,signal_reverse
sz.002384,2025-12-31,2026-01-08,88.088,79.2,1700,-15284.77,-0.1009,8,stop_loss
sh.600919,2026-01-09,2026-01-12,10.203,10.056,14700,-2341.49,-0.0143,3,signal_reverse
sh.600183,2026-01-06,2026-01-13,72.368,65.066,2000,-14773.1,-0.1009,7,stop_loss
sh.600919,2026-01-14,2026-01-15,10.34,10.13,14500,-3242.76,-0.0204,1,signal_reverse
sz.002050,2026-01-05,2026-01-15,54.435,54.535,2700,79.18,0.0018,10,timeout
sz.300832,2026-01-06,2026-01-16,58.072,56.797,2500,-3371.94,-0.022,10,signal_reverse
sz.000408,2026-01-06,2026-01-16,89.695,87.895,1600,-3061.93,-0.0201,10,timeout
sh.600176,2026-01-06,2026-01-16,17.367,18.675,8600,11037.8,0.0753,10,timeout
sh.600460,2026-01-06,2026-01-16,28.829,30.639,5200,9207.63,0.0628,10,timeout
sz.002384,2026-01-09,2026-01-19,79.74,77.732,1800,-3795.34,-0.0252,10,timeout
sh.603986,2026-01-16,2026-01-21,259.911,298.599,500,19149.81,0.1488,5,take_profit
sz.000630,2026-01-13,2026-01-23,5.936,6.853,25200,22889.18,0.1545,10,timeout
sz.002050,2026-01-16,2026-01-26,55.155,51.888,2700,-9003.14,-0.0592,10,timeout
sh.600460,2026-01-21,2026-01-27,30.28,30.37,4900,244.36,0.003,6,signal_reverse
sh.600489,2026-01-22,2026-01-27,28.829,33.12,5200,22090.18,0.1488,5,take_profit
sh.600176,2026-01-19,2026-01-28,18.812,21.612,7900,21899.23,0.1489,9,take_profit
sh.600938,2026-01-21,2026-01-28,29.66,34.074,5000,21852.7,0.1488,7,take_profit
sz.000408,2026-01-19,2026-01-29,87.451,89.663,1700,3561.28,0.0253,10,timeout
sh.603993,2026-01-26,2026-01-29,23.347,26.822,6400,22017.94,0.1488,3,take_profit
sh.600489,2026-01-28,2026-01-29,35.035,40.25,4200,21683.07,0.1488,1,take_profit
sz.002384,2026-01-20,2026-01-30,77.577,77.283,1900,-751.12,-0.0038,10,timeout
sh.600183,2026-01-29,2026-01-30,73.772,66.328,2000,-15059.62,-0.1009,1,stop_loss
sh.600919,2026-01-30,2026-02-02,10.13,10.14,14800,-51.09,0.001,3,signal_reverse
sh.600489,2026-02-02,2026-02-03,33.243,29.889,4500,-15268.93,-0.1009,1,stop_loss
sh.600031,2026-02-04,2026-02-05,22.933,23.227,6500,1713.69,0.0128,1,signal_reverse
sz.002384,2026-02-03,2026-02-05,78.949,70.983,1900,-15310.62,-0.1009,2,stop_loss
sh.600875,2026-01-30,2026-02-06,25.325,26.354,5900,5864.96,0.0406,7,signal_reverse
sh.603986,2026-01-27,2026-02-06,289.868,275.492,500,-7366.68,-0.0496,10,timeout
sh.600176,2026-01-29,2026-02-09,21.731,22.314,6900,3822.91,0.0268,11,timeout
sh.600522,2026-01-29,2026-02-09,21.481,23.437,6900,13279.83,0.091,11,timeout
sh.601838,2026-01-30,2026-02-09,16.206,16.454,9200,2078.74,0.0153,10,timeout
sz.001965,2026-02-03,2026-02-13,9.67,9.59,15500,-1421.78,-0.0082,10,timeout
sh.600919,2026-02-06,2026-02-24,10.45,10.31,14300,-2204.52,-0.0135,18,timeout
sh.600489,2026-02-06,2026-02-24,28.128,31.069,5300,15372.18,0.1046,18,timeout
sh.603986,2026-02-09,2026-02-24,283.84,322.257,500,18999.03,0.1353,15,timeout
sh.603993,2026-02-09,2026-02-24,22.163,22.512,6700,2146.47,0.0158,15,timeout
sh.600522,2026-02-10,2026-02-24,23.343,25.604,6400,14257.69,0.0969,14,timeout
sz.002384,2026-02-10,2026-02-24,75.105,78.831,1900,6884.8,0.0496,14,timeout
sz.000630,2026-02-11,2026-02-24,7.067,7.502,21200,9024.35,0.0616,13,timeout
sh.600031,2026-02-25,2026-02-26,23.974,23.936,6200,-427.97,-0.0016,1,signal_reverse
sz.000630,2026-02-27,2026-03-02,7.538,8.102,19900,11021.17,0.0749,3,signal_reverse
sh.600522,2026-02-25,2026-03-02,26.026,29.9,5700,21860.07,0.1488,5,take_profit
sz.002384,2026-02-25,2026-03-02,79.059,90.827,1800,20969.74,0.1489,5,take_profit
sh.603986,2026-02-25,2026-03-03,315.856,283.986,400,-12895.61,-0.1009,6,stop_loss
sh.600183,2026-02-27,2026-03-06,70.178,63.097,2100,-15042.34,-0.1009,7,stop_loss
sh.600522,2026-03-03,2026-03-06,30.621,27.531,4900,-15314.5,-0.1009,3,stop_loss
sz.002594,2026-03-04,2026-03-09,95.295,93.526,1500,-2835.61,-0.0186,5,signal_reverse
sh.600919,2026-02-25,2026-03-09,10.36,10.46,14400,1232.39,0.0096,12,timeout
sh.603993,2026-02-25,2026-03-09,22.696,20.917,6600,-11918.08,-0.0784,12,timeout
sh.600489,2026-03-03,2026-03-09,34.044,30.609,4400,-15289.26,-0.1009,6,stop_loss
sh.601728,2026-03-03,2026-03-13,5.876,6.174,25500,7393.06,0.0507,10,timeout
sh.601838,2026-03-03,2026-03-13,16.757,17.133,8900,3149.15,0.0224,10,timeout
sz.300832,2026-03-09,2026-03-16,53.075,51.177,2800,-5500.63,-0.0358,7,signal_reverse
sh.600941,2026-03-09,2026-03-16,93.31,95.644,1600,3536.06,0.025,7,signal_reverse
sz.000630,2026-03-10,2026-03-16,7.407,6.66,20200,-15272.51,-0.1009,6,stop_loss
sh.600522,2026-03-16,2026-03-17,30.08,27.045,4900,-15044.15,-0.1009,1,stop_loss
sz.300750,2026-03-16,2026-03-19,395.963,395.339,300,-341.36,-0.0016,3,signal_reverse
sz.002920,2026-03-17,2026-03-19,118.205,112.145,1200,-7447.66,-0.0513,2,signal_reverse
sz.002594,2026-03-10,2026-03-20,97.277,102.927,1500,8273.98,0.0581,10,timeout
sh.600919,2026-03-10,2026-03-20,10.47,10.859,14300,5356.11,0.0371,10,timeout
sh.603986,2026-03-10,2026-03-20,283.97,289.488,500,2570.66,0.0194,10,timeout
sh.600941,2026-03-17,2026-03-23,95.65,93.465,1500,-3458.71,-0.0228,6,signal_reverse
sh.600674,2026-03-23,2026-03-24,15.515,15.285,9600,-2406.43,-0.0149,1,signal_reverse
sz.002594,2026-03-23,2026-03-27,103.974,103.886,1400,-312.08,-0.0008,4,signal_reverse
sh.601728,2026-03-17,2026-03-27,6.126,5.694,24500,-10760.95,-0.0705,10,timeout
sh.603986,2026-03-23,2026-03-27,276.874,248.937,500,-14130.08,-0.1009,4,stop_loss
sh.600522,2026-03-18,2026-03-30,26.186,28.961,5700,15602.04,0.106,12,timeout
sh.600674,2026-03-25,2026-03-31,15.445,15.075,9700,-3784.14,-0.024,6,signal_reverse
sh.601288,2026-04-01,2026-04-02,6.568,6.585,22800,175.83,0.0025,1,signal_reverse
sz.300866,2026-03-23,2026-04-02,103.668,102.771,1400,-1442.66,-0.0087,10,timeout
sh.600919,2026-03-23,2026-04-02,10.791,10.869,13900,892.52,0.0073,10,timeout
sh.600031,2026-04-02,2026-04-03,20.14,20.05,7400,-860.29,-0.0045,1,signal_reverse
sz.001965,2026-03-24,2026-04-03,9.95,9.111,15000,-12763.56,-0.0843,10,timeout
sh.601288,2026-04-03,2026-04-07,6.804,6.692,22000,-2646.13,-0.0164,4,signal_reverse
sz.000895,2026-04-07,2026-04-08,27.131,26.737,5500,-2359.52,-0.0145,1,signal_reverse
sz.000630,2026-04-07,2026-04-09,5.766,6.084,26000,8066.26,0.0552,2,signal_reverse
sz.000408,2026-03-30,2026-04-09,79.206,82.563,1800,5849.7,0.0424,10,timeout
sh.600031,2026-04-09,2026-04-10,20.721,20.889,7200,1016.89,0.0081,1,signal_reverse
sh.600522,2026-03-31,2026-04-10,28.889,29.77,5100,4297.46,0.0305,10,timeout
sz.000333,2026-04-01,2026-04-13,76.576,75.704,1900,-1844.32,-0.0114,12,timeout
sh.600919,2026-04-03,2026-04-13,10.911,10.799,13700,-1722.76,-0.0102,10,timeout
sh.603993,2026-04-03,2026-04-13,17.476,18.573,8500,9124.31,0.0628,10,timeout
sz.002920,2026-04-09,2026-04-20,105.515,106.813,1400,1622.34,0.0123,11,timeout
sz.000408,2026-04-10,2026-04-20,83.073,86.453,1800,5882.77,0.0407,10,timeout
sz.002241,2026-04-10,2026-04-20,23.825,24.68,6300,5184.91,0.0359,10,timeout
sh.600941,2026-04-14,2026-04-21,91.636,91.804,1600,78.89,0.0018,7,signal_reverse
sz.002384,2026-04-14,2026-04-21,147.147,169.05,1000,21683.07,0.1488,7,take_profit
sz.001965,2026-04-13,2026-04-23,8.689,9.441,17200,12721.07,0.0865,10,timeout
sz.300866,2026-04-13,2026-04-23,113.551,120.212,1300,8455.71,0.0587,10,timeout
sh.600919,2026-04-14,2026-04-24,10.821,11.279,13800,6116.68,0.0423,10,timeout
sz.000408,2026-04-21,2026-05-06,87.057,90.09,1700,4956.75,0.0348,15,timeout
sz.002920,2026-04-21,2026-05-06,107.227,104.366,1400,-4196.17,-0.0267,15,timeout
sz.002241,2026-04-21,2026-05-06,24.531,24.799,6100,1440.68,0.0109,15,timeout
sh.601728,2026-04-22,2026-05-06,5.976,5.944,25100,-995.15,-0.0053,14,timeout
sh.600460,2026-04-22,2026-05-06,27.107,29.63,5500,13666.07,0.0931,14,timeout
sh.600941,2026-04-24,2026-05-06,93.789,94.569,1600,1051.13,0.0083,12,timeout
sz.002384,2026-04-24,2026-05-06,193.693,191.688,700,-1578.2,-0.0104,12,timeout
sz.300832,2026-04-27,2026-05-07,46.03,45.967,3200,-392.03,-0.0014,10,timeout
sh.600674,2026-05-07,2026-05-13,15.305,15.445,9800,1167.89,0.0091,6,signal_reverse
sz.002241,2026-05-07,2026-05-14,24.958,25.989,6000,5985.54,0.0413,7,signal_reverse
sz.000408,2026-05-07,2026-05-18,91.091,80.06,1600,-17816.35,-0.1211,11,timeout
sz.002920,2026-05-07,2026-05-18,104.604,103.636,1400,-1544.15,-0.0093,11,timeout
sh.601728,2026-05-07,2026-05-18,5.956,6.813,25200,21379.0,0.1439,11,timeout
sh.600941,2026-05-07,2026-05-18,94.367,98.048,1500,5329.71,0.039,11,timeout
sz.002050,2026-05-07,2026-05-18,48.218,52.867,3100,14198.57,0.0964,11,timeout
sh.600460,2026-05-08,2026-05-18,29.329,31.019,5100,8411.56,0.0576,10,timeout
sh.600919,2026-05-22,2026-05-25,11.271,11.089,13300,-2617.12,-0.0162,3,signal_reverse
sz.300832,2026-05-14,2026-05-25,48.596,45.967,3000,-8066.81,-0.0541,11,timeout
sz.002384,2026-05-15,2026-05-25,213.073,226.014,700,8852.96,0.0607,10,timeout
sh.600183,2026-05-19,2026-05-25,97.404,111.902,1500,21529.57,0.1489,6,take_profit
sz.300866,2026-05-26,2026-05-27,123.423,121.099,1200,-2978.34,-0.0188,1,signal_reverse
sh.600183,2026-05-26,2026-05-27,115.152,132.293,1300,22058.95,0.1488,1,take_profit
sz.002050,2026-05-19,2026-05-28,53.053,47.7,2800,-15162.16,-0.1009,9,stop_loss
sh.600522,2026-05-19,2026-05-28,43.043,38.7,3400,-14937.39,-0.1009,9,stop_loss
sz.000630,2026-05-28,2026-05-29,6.446,6.853,23200,9228.75,0.0631,1,signal_reverse
sz.002384,2026-05-26,2026-06-01,221.221,198.9,600,-13547.86,-0.1009,6,stop_loss
sz.000630,2026-06-02,2026-06-03,7.017,6.943,21300,-1767.6,-0.0105,1,signal_reverse
sz.002384,2026-06-02,2026-06-03,200.2,230.0,700,20650.54,0.1488,1,take_profit
sh.600522,2026-05-29,2026-06-05,41.041,47.15,3600,21771.57,0.1488,7,take_profit
sh.600941,2026-05-27,2026-06-05,95.023,97.233,1500,3124.89,0.0233,9,backtest_end
sh.600183,2026-05-28,2026-06-05,132.164,137.223,1100,5368.02,0.0383,8,backtest_end
sh.603993,2026-05-28,2026-06-05,19.119,18.172,7800,-7573.12,-0.0495,8,backtest_end
sh.600036,2026-06-01,2026-06-05,38.038,38.541,3900,1767.93,0.0132,4,backtest_end
sh.600919,2026-06-01,2026-06-05,11.271,11.369,13300,1098.32,0.0086,4,backtest_end
sz.002384,2026-06-04,2026-06-05,222.332,221.189,600,-858.64,-0.0051,1,backtest_end
sz.000630,2026-06-05,2026-06-05,6.657,6.484,22500,-4085.29,-0.026,0,backtest_end
