date,total_value,cash,positions_value
2025-01-02,999345.3,103654.4,895690.9
2025-01-03,979983.78,145795.18,834188.6
2025-01-06,986072.03,145795.18,840276.85
2025-01-07,1007082.32,219.88,1006862.43
2025-01-08,1021190.17,219.88,1020970.29
2025-01-09,1027153.18,242.3,1026910.88
2025-01-10,1017402.31,242.3,1017160.01
2025-01-13,1005823.45,143752.12,862071.33
2025-01-14,1037626.72,962.51,1036664.22
2025-01-15,1029570.55,6533.9,1023036.65
2025-01-16,1014427.79,265.63,1014162.16
2025-01-17,1037741.15,265.63,1037475.51
2025-01-20,1044488.82,-22.23,1044511.04
2025-01-21,1066471.35,21702.99,1044768.36
2025-01-22,1071985.16,69839.21,1002145.95
2025-01-23,1070622.24,69839.21,1000783.03
2025-01-24,1081824.44,69793.11,1012031.33
2025-01-27,1044949.73,1920.02,1043029.71
2025-02-05,1054706.02,624.19,1054081.83
2025-02-06,1078723.9,19.34,1078704.56
2025-02-07,1108728.88,11898.6,1096830.28
2025-02-10,1117275.28,192774.06,924501.22
2025-02-11,1119697.04,5126.97,1114570.07
2025-02-12,1138431.55,5126.97,1133304.57
2025-02-13,1119379.06,5126.97,1114252.09
2025-02-14,1126100.9,5126.97,1120973.93
2025-02-17,1130326.12,57539.59,1072786.53
2025-02-18,1124913.58,57539.59,1067373.99
2025-02-19,1140862.19,57539.59,1083322.59
2025-02-20,1147041.0,57539.59,1089501.41
2025-02-21,1158717.38,57539.59,1101177.79
2025-02-24,1137249.89,3014.02,1134235.87
2025-02-25,1133361.93,292878.99,840482.94
2025-02-26,1129767.2,2789.2,1126978.0
2025-02-27,1116367.27,2789.2,1113578.08
2025-02-28,1074681.5,91362.73,983318.76
2025-03-03,1077078.61,135027.21,942051.4
2025-03-04,1079455.11,160281.71,919173.4
2025-03-05,1098338.99,11805.53,1086533.46
2025-03-06,1101174.96,35143.35,1066031.61
2025-03-07,1092284.44,35143.35,1057141.09
2025-03-10,1090558.24,169197.59,921360.65
2025-03-11,1118415.98,20273.58,1098142.4
2025-03-12,1122936.83,41159.52,1081777.3
2025-03-13,1131952.26,32154.51,1099797.75
2025-03-14,1153456.57,1410.51,1152046.06
2025-03-17,1176416.58,150716.81,1025699.77
2025-03-18,1188488.83,558.85,1187929.98
2025-03-19,1159128.68,558.85,1158569.83
2025-03-20,1161225.16,558.85,1160666.3
2025-03-21,1147046.98,2129.24,1144917.74
2025-03-24,1170432.7,154415.73,1016016.97
2025-03-25,1158447.73,289.08,1158158.65
2025-03-26,1149660.93,289.08,1149371.84
2025-03-27,1142445.8,2214.04,1140231.76
2025-03-28,1132234.22,114556.58,1017677.64
2025-03-31,1138842.48,155250.12,983592.36
2025-04-01,1141492.44,6641.45,1134850.99
2025-04-02,1132068.63,139197.6,992871.04
2025-04-03,1129816.16,142269.39,987546.77
2025-04-07,1054731.63,1134.22,1053597.41
2025-04-08,1059658.07,448019.76,611638.3
2025-04-09,1034993.14,284445.93,750547.21
2025-04-10,1056305.17,284445.93,771859.23
2025-04-11,1063569.73,289051.27,774518.46
2025-04-14,1074646.99,140298.71,934348.28
2025-04-15,1083537.89,43445.0,1040092.89
2025-04-16,1086519.23,808.02,1085711.22
2025-04-17,1081420.47,3668.39,1077752.08
2025-04-18,1085049.94,7151.04,1077898.89
2025-04-21,1104660.42,54207.52,1050452.9
2025-04-22,1103321.02,54207.52,1049113.51
2025-04-23,1113708.92,54207.52,1059501.4
2025-04-24,1118078.51,67113.27,1050965.23
2025-04-25,1122023.36,67563.29,1054460.07
2025-04-28,1118947.28,310.28,1118637.0
2025-04-29,1116576.11,68695.02,1047881.1
2025-04-30,1118236.81,595.74,1117641.08
2025-05-06,1109077.45,23140.86,1085936.59
2025-05-07,1113617.71,23140.86,1090476.85
2025-05-08,1117934.94,30815.52,1087119.42
2025-05-09,1112854.31,39537.9,1073316.42
2025-05-12,1159612.26,196712.95,962899.32
2025-05-13,1160768.69,74398.09,1086370.6
2025-05-14,1161118.65,74398.09,1086720.56
2025-05-15,1150828.97,74398.09,1076430.88
2025-05-16,1152010.0,12447.68,1139562.33
2025-05-19,1147212.93,320.77,1146892.15
2025-05-20,1160825.04,320.77,1160504.26
2025-05-21,1169347.97,320.77,1169027.2
2025-05-22,1166291.04,1166.51,1165124.53
2025-05-23,1163530.35,1166.51,1162363.85
2025-05-26,1157005.85,1487.18,1155518.67
2025-05-27,1154017.13,123879.65,1030137.48
2025-05-28,1163944.82,307.68,1163637.14
2025-05-29,1178745.76,143707.39,1035038.37
2025-05-30,1179303.77,6459.42,1172844.35
2025-06-03,1178634.89,6459.42,1172175.47
2025-06-04,1206533.61,6459.42,1200074.18
2025-06-05,1234609.9,25098.68,1209511.22
2025-06-06,1235116.53,186385.91,1048730.62
2025-06-09,1236934.69,42947.67,1193987.03
2025-06-10,1245391.74,42947.67,1202444.07
2025-06-11,1266446.66,42947.67,1223498.99
2025-06-12,1281354.8,42947.67,1238407.14
2025-06-13,1265993.59,215525.45,1050468.14
2025-06-16,1281260.69,66660.38,1214600.31
2025-06-17,1290564.83,66660.38,1223904.45
2025-06-18,1311998.05,79553.53,1232444.52
2025-06-19,1304425.47,86397.24,1218028.23
2025-06-20,1302737.72,103386.11,1199351.61
2025-06-23,1308910.13,103386.11,1205524.02
2025-06-24,1328966.9,103386.11,1225580.79
2025-06-25,1341985.71,103386.11,1238599.6
2025-06-26,1346041.74,156751.68,1189290.05
2025-06-27,1364356.61,164357.94,1199998.67
2025-06-30,1370156.93,174290.48,1195866.45
2025-07-01,1382014.76,174290.48,1207724.28
2025-07-02,1373762.51,197263.45,1176499.05
2025-07-03,1413898.56,197263.45,1216635.1
2025-07-04,1413269.3,208208.69,1205060.61
2025-07-07,1393812.81,202094.79,1191718.02
2025-07-08,1414900.36,202094.79,1212805.58
2025-07-09,1403435.97,202094.79,1201341.18
2025-07-10,1406150.71,213476.7,1192674.02
2025-07-11,1396201.85,513180.47,883021.38
2025-07-14,1389971.69,222987.85,1166983.84
2025-07-15,1430260.16,248934.38,1181325.78
2025-07-16,1425437.88,248934.38,1176503.51
2025-07-17,1450778.07,242759.24,1208018.83
2025-07-18,1447705.3,249378.06,1198327.24
2025-07-21,1462658.06,249378.06,1213280.0
2025-07-22,1467406.51,267761.32,1199645.2
2025-07-23,1457686.93,267761.32,1189925.61
2025-07-24,1458433.48,278468.6,1179964.88
2025-07-25,1456594.48,435945.34,1020649.15
2025-07-28,1468356.23,289392.99,1178963.24
2025-07-29,1485599.5,430278.49,1055321.01
2025-07-30,1479194.52,284678.39,1194516.13
2025-07-31,1460345.58,583162.69,877182.89
2025-08-01,1449855.11,421386.39,1028468.72
2025-08-04,1458898.6,271816.64,1187081.96
2025-08-05,1468876.05,419448.5,1049427.55
2025-08-06,1482213.09,271248.04,1210965.05
2025-08-07,1488649.22,285946.06,1202703.15
2025-08-08,1484820.79,295107.61,1189713.18
2025-08-11,1499284.46,313341.84,1185942.62
2025-08-12,1525131.94,313341.84,1211790.11
2025-08-13,1550605.6,321104.53,1229501.07
2025-08-14,1537465.59,345946.69,1191518.9
2025-08-15,1549523.58,347462.08,1202061.5
2025-08-18,1567909.87,348794.58,1219115.29
2025-08-19,1587435.51,348794.58,1238640.94
2025-08-20,1594366.96,348794.58,1245572.38
2025-08-21,1601241.88,370650.95,1230590.93
2025-08-22,1624916.15,394244.22,1230671.93
2025-08-25,1691979.91,499684.5,1192295.42
2025-08-26,1682746.31,499684.5,1183061.81
2025-08-27,1698171.35,668186.47,1029984.88
2025-08-28,1723873.99,548951.88,1174922.11
2025-08-29,1754352.88,564363.94,1189988.94
2025-09-01,1784355.91,705465.84,1078890.07
2025-09-02,1753067.12,557637.46,1195429.66
2025-09-03,1761755.83,578164.72,1183591.1
2025-09-04,1703509.48,575928.82,1127580.66
2025-09-05,1739405.36,594364.56,1145040.79
2025-09-08,1731821.57,589617.48,1142204.09
2025-09-09,1730516.09,589617.48,1140898.61
2025-09-10,1733610.38,589617.48,1143992.9
2025-09-11,1799181.23,743346.83,1055834.4
2025-09-12,1777320.37,594483.3,1182837.07
2025-09-15,1771284.78,761306.09,1009978.69
2025-09-16,1780133.88,614153.44,1165980.44
2025-09-17,1782846.49,640246.29,1142600.2
2025-09-18,1781847.51,640246.29,1141601.22
2025-09-19,1779619.05,642688.7,1136930.35
2025-09-22,1779656.01,750797.14,1028858.87
2025-09-23,1782309.66,614598.47,1167711.2
2025-09-24,1790911.81,614598.47,1176313.35
2025-09-25,1812232.57,776355.96,1035876.6
2025-09-26,1794106.08,795928.84,998177.24
2025-09-29,1824148.16,659801.12,1164347.04
2025-09-30,1861033.01,659801.12,1201231.89
2025-10-09,1904321.19,870389.69,1033931.51
2025-10-10,1895523.57,877484.55,1018039.02
2025-10-13,1882718.42,727890.84,1154827.58
2025-10-14,1849834.67,667289.74,1182544.93
2025-10-15,1874058.13,816629.12,1057429.01
2025-10-16,1865083.58,808107.8,1056975.78
2025-10-17,1851251.72,658835.33,1192416.39
2025-10-20,1854097.44,834670.62,1019426.82
2025-10-21,1880047.84,685784.87,1194262.97
2025-10-22,1889498.58,685784.87,1203713.72
2025-10-23,1893390.28,697971.17,1195419.12
2025-10-24,1898474.95,749090.66,1149384.29
2025-10-27,1926366.87,750774.16,1175592.71
2025-10-28,1919491.38,893936.43,1025554.96
2025-10-29,1926993.75,744056.33,1182937.41
2025-10-30,1912798.62,890029.74,1022768.89
2025-10-31,1891480.87,745188.35,1146292.53
2025-11-03,1885547.7,754173.63,1131374.08
2025-11-04,1873666.94,900220.22,973446.72
2025-11-05,1860867.7,736242.24,1124625.47
2025-11-06,1895433.71,688403.37,1207030.34
2025-11-07,1878016.06,831220.57,1046795.49
2025-11-10,1883830.95,681499.03,1202331.92
2025-11-11,1884285.82,681499.03,1202786.78
2025-11-12,1892979.97,681499.03,1211480.94
2025-11-13,1906667.8,693521.78,1213146.02
2025-11-14,1872396.67,999119.92,873276.75
2025-11-17,1860060.89,1265495.5,594565.39
2025-11-18,1852100.54,1125342.45,726758.09
2025-11-19,1859048.95,826583.48,1032465.47
2025-11-20,1852531.68,826583.48,1025948.2
2025-11-21,1791552.51,1095755.87,695796.64
2025-11-24,1785510.41,1073029.68,712480.74
2025-11-25,1804169.16,924277.51,879891.65
2025-11-26,1803063.94,964289.3,838774.64
2025-11-27,1800446.45,671856.9,1128589.55
2025-11-28,1812670.33,818691.73,993978.61
2025-12-01,1831513.3,824555.37,1006957.93
2025-12-02,1818952.85,822361.91,996590.94
2025-12-03,1814666.06,673110.09,1141555.97
2025-12-04,1816397.14,657367.24,1159029.9
2025-12-05,1818477.68,803589.35,1014888.33
2025-12-08,1841874.15,628310.56,1213563.59
2025-12-09,1817865.51,628310.56,1189554.95
2025-12-10,1824213.5,628310.56,1195902.94
2025-12-11,1807680.32,952725.44,854954.88
2025-12-12,1828600.56,657397.34,1171203.22
2025-12-15,1819919.6,657397.34,1162522.26
2025-12-16,1807470.68,801384.59,1006086.09
2025-12-17,1837716.48,656415.38,1181301.1
2025-12-18,1835382.86,656415.38,1178967.48
2025-12-19,1847872.37,803340.89,1044531.48
2025-12-22,1868428.69,661394.98,1207033.71
2025-12-23,1887030.85,815264.47,1071766.38
2025-12-24,1914159.15,665469.94,1248689.2
2025-12-25,1907624.35,722191.7,1185432.65
2025-12-26,1941412.58,1033366.29,908046.29
2025-12-29,1929482.54,1033366.29,896116.25
2025-12-30,1941844.57,733415.77,1208428.8
2025-12-31,1947377.65,902528.51,1044849.14
2026-01-05,1977626.43,802474.44,1175151.99
2026-01-06,1980039.95,802474.44,1177565.5
2026-01-07,1981238.2,957058.28,1024179.92
2026-01-08,1973178.62,797924.22,1175254.4
2026-01-09,1982263.44,945562.18,1036701.26
2026-01-12,1964669.57,795931.87,1168737.7
2026-01-13,1955279.15,775915.61,1179363.54
2026-01-14,1947334.69,922607.63,1024727.05
2026-01-15,1957097.91,932510.58,1024587.33
2026-01-16,1986338.74,1095102.2,891236.54
2026-01-19,1986818.12,1087396.78,899421.34
2026-01-20,1986110.02,790636.4,1195473.62
2026-01-21,2020823.8,789787.13,1231036.67
2026-01-22,2026816.93,789787.13,1237029.8
2026-01-23,2028792.75,812797.36,1215995.39
2026-01-26,2056812.2,956353.28,1100458.92
2026-01-27,2056337.66,981162.08,1075175.58
2026-01-28,2105988.34,875980.45,1230007.89
2026-01-29,2094337.53,919900.05,1174437.48
2026-01-30,2118365.87,1199265.67,919100.2
2026-02-02,2066777.98,899293.12,1167484.86
2026-02-03,2070188.03,884510.0,1185678.03
2026-02-04,2071991.7,1035287.61,1036704.09
2026-02-05,2068163.13,1026654.3,1041508.83
2026-02-06,2065397.23,873724.08,1191673.15
2026-02-09,2095196.61,1047986.24,1047210.36
2026-02-10,2104644.84,898119.63,1206525.22
2026-02-11,2105922.81,898119.63,1207803.18
2026-02-12,2125026.01,898119.63,1226906.38
2026-02-13,2104764.44,1046577.58,1058186.86
2026-02-24,2140021.41,1277032.33,862989.08
2026-02-25,2135994.37,1425242.85,710751.52
2026-02-26,2167032.46,1127782.28,1039250.17
2026-02-27,2178160.22,1288800.3,889359.92
2026-03-02,2195763.2,1023300.62,1172462.58
2026-03-03,2169642.18,993761.63,1175880.55
2026-03-04,2157238.84,993761.63,1163477.2
2026-03-05,2155819.35,993761.63,1162057.71
2026-03-06,2138129.47,1102931.67,1035197.8
2026-03-09,2117673.63,938295.82,1179377.81
2026-03-10,2122894.64,938295.82,1184598.82
2026-03-11,2130076.03,938295.82,1191780.21
2026-03-12,2124495.64,938295.82,1186199.82
2026-03-13,2123107.32,1277488.47,845618.85
2026-03-16,2134376.21,976304.09,1158072.12
2026-03-17,2116446.19,959346.29,1157099.9
2026-03-18,2119922.57,1212192.61,907729.96
2026-03-19,2114679.39,1212192.61,902486.78
2026-03-20,2106918.9,1077742.9,1029176.0
2026-03-23,2092354.37,1074991.39,1017362.98
2026-03-24,2102514.64,925125.78,1177388.86
2026-03-25,2120581.46,925125.78,1195455.68
2026-03-26,2103304.76,1070377.12,1032927.64
2026-03-27,2094652.01,1191399.17,903252.84
2026-03-30,2099240.66,1354921.47,744319.19
2026-03-31,2097271.08,1059580.58,1037690.49
2026-04-01,2098506.95,1060431.78,1038075.17
2026-04-02,2093573.79,1055343.19,1038230.6
2026-04-03,2078835.96,1039649.25,1039186.71
2026-04-07,2075341.17,1186509.84,888831.33
2026-04-08,2108730.87,1047486.18,1061244.69
2026-04-09,2105222.1,1046394.09,1058828.01
2026-04-10,2100966.87,900873.85,1200093.02
2026-04-13,2094914.31,906723.99,1188190.32
2026-04-14,2098950.08,906723.99,1192226.09
2026-04-15,2097534.88,906723.99,1190810.88
2026-04-16,2126119.15,906723.99,1219395.15
2026-04-17,2126866.33,906723.99,1220142.33
2026-04-20,2129396.4,1065573.68,1063822.71
2026-04-21,2142613.38,935228.24,1207385.14
2026-04-22,2152199.86,935228.24,1216971.62
2026-04-23,2151611.72,967732.53,1183879.18
2026-04-24,2164245.76,975836.84,1188408.92
2026-04-27,2171478.72,975836.84,1195641.88
2026-04-28,2159810.47,975836.84,1183973.63
2026-04-29,2161446.71,975836.84,1185609.87
2026-04-30,2163017.76,975836.84,1187180.91
2026-05-06,2166424.08,989309.28,1177114.8
2026-05-07,2174907.02,986588.31,1188318.72
2026-05-08,2180381.52,986588.31,1193793.21
2026-05-11,2186734.85,986588.31,1200146.54
2026-05-12,2183554.65,1137748.04,1045806.62
2026-05-13,2209172.95,1147649.81,1061523.14
2026-05-14,2191007.13,998454.06,1192553.08
2026-05-15,2193800.39,998454.06,1195346.33
2026-05-18,2207342.58,1470168.35,737174.22
2026-05-19,2221521.55,1470168.35,751353.2
2026-05-20,2216501.87,1470168.35,746333.52
2026-05-21,2196984.81,1320215.62,876769.19
2026-05-22,2223215.6,1467506.26,755709.34
2026-05-25,2230531.67,1500199.41,730332.26
2026-05-26,2233813.69,1502751.77,731061.92
2026-05-27,2227809.9,1230308.32,997501.57
2026-05-28,2222419.7,1506097.61,716322.09
2026-05-29,2229447.51,1207752.17,1021695.33
2026-06-01,2196141.15,1037247.72,1158893.43
2026-06-02,2246875.52,1184942.43,1061933.09
2026-06-03,2265740.22,1212293.68,1053446.54
2026-06-04,2270165.12,1062474.13,1207690.99
2026-06-05,2251653.3,1231993.3,1019660.0
