date,cash,positions_value,total_value
2024-01-02,259753.53,741797.27,1001550.8
2024-01-03,259753.53,739624.7,999378.22
2024-01-04,250438.78,748020.45,998459.23
2024-01-05,240286.53,753930.23,994216.76
2024-01-08,240286.53,748623.55,988910.08
2024-01-09,231974.89,764564.17,996539.06
2024-01-10,231974.89,752545.28,984520.18
2024-01-11,231974.89,765084.18,997059.07
2024-01-12,231974.89,758151.97,990126.86
2024-01-15,231974.89,770413.65,1002388.54
2024-01-16,255887.43,753156.66,1009044.09
2024-01-17,255887.43,741168.38,997055.8
2024-01-18,248386.98,761497.32,1009884.3
2024-01-19,248386.98,753556.34,1001943.31
2024-01-22,246681.43,744981.87,991663.3
2024-01-23,247467.01,757322.41,1004789.42
2024-01-24,247467.01,783507.03,1030974.04
2024-01-25,247467.01,791920.29,1039387.3
2024-01-26,247467.01,790454.76,1037921.77
2024-01-29,247467.01,787552.41,1035019.42
2024-01-30,247467.01,771289.22,1018756.22
2024-01-31,247467.01,757561.36,1005028.37
2024-02-01,247467.01,756386.59,1003853.6
2024-02-02,234854.69,762495.16,997349.85
2024-02-05,226945.72,776734.11,1003679.83
2024-02-06,244765.76,790310.29,1035076.05
2024-02-07,244765.76,791446.59,1036212.35
2024-02-08,249374.6,788904.22,1038278.82
2024-02-19,298367.27,755354.77,1053722.05
2024-02-20,298367.27,771906.6,1070273.88
2024-02-21,298367.27,766793.15,1065160.43
2024-02-22,320010.53,779616.01,1099626.53
2024-02-23,320010.53,775096.52,1095107.05
2024-02-26,311943.44,769099.56,1081043.0
2024-02-27,337864.23,758047.93,1095912.17
2024-02-28,325381.56,751303.04,1076684.59
2024-02-29,325381.56,769544.72,1094926.27
2024-03-01,325381.56,785302.72,1110684.27
2024-03-04,349043.35,770845.83,1119889.17
2024-03-05,349043.35,768078.63,1117121.98
2024-03-06,349043.35,763458.8,1112502.14
2024-03-07,338276.55,764480.51,1102757.06
2024-03-08,329178.67,772661.75,1101840.43
2024-03-11,333853.28,770926.69,1104779.97
2024-03-12,333853.28,773251.67,1107104.94
2024-03-13,325988.06,780204.32,1106192.38
2024-03-14,325988.06,769273.66,1095261.72
2024-03-15,325988.06,774381.03,1100369.09
2024-03-18,341110.25,763398.89,1104509.14
2024-03-19,341110.25,751922.81,1093033.06
2024-03-20,345805.56,752971.4,1098776.96
2024-03-21,345805.56,750746.7,1096552.26
2024-03-22,338498.24,747551.71,1086049.94
2024-03-25,328816.41,748231.49,1077047.9
2024-03-26,325939.97,737852.34,1063792.31
2024-03-27,313644.59,736933.06,1050577.65
2024-03-28,300453.97,764274.54,1064728.52
2024-03-29,300453.97,762436.26,1062890.23
2024-04-01,330255.92,763360.24,1093616.15
2024-04-02,330255.92,764385.91,1094641.83
2024-04-03,330255.92,766418.45,1096674.36
2024-04-08,330255.92,768218.4,1098474.32
2024-04-09,330255.92,766306.37,1096562.29
2024-04-10,330255.92,764868.76,1095124.67
2024-04-11,330255.92,764251.63,1094507.55
2024-04-12,330255.92,771079.5,1101335.42
2024-04-15,334606.24,785032.46,1119638.7
2024-04-16,334606.24,769345.23,1103951.47
2024-04-17,337588.37,784833.3,1122421.67
2024-04-18,352240.14,758944.4,1111184.54
2024-04-19,352240.14,761347.05,1113587.19
2024-04-22,348664.59,748714.86,1097379.45
2024-04-23,345952.38,735186.76,1081139.13
2024-04-24,329343.3,750559.54,1079902.83
2024-04-25,329343.3,746465.12,1075808.42
2024-04-26,329343.3,774425.51,1103768.81
2024-04-29,346016.16,779325.27,1125341.43
2024-04-30,369410.8,754732.68,1124143.49
2024-05-06,369410.8,763358.02,1132768.82
2024-05-07,369410.8,768300.85,1137711.65
2024-05-08,369410.8,760739.51,1130150.32
2024-05-09,369410.8,770520.12,1139930.93
2024-05-10,369410.8,766614.64,1136025.45
2024-05-13,359766.97,773652.46,1133419.44
2024-05-14,372266.82,753996.31,1126263.13
2024-05-15,368735.08,750814.21,1119549.29
2024-05-16,368735.08,755476.17,1124211.24
2024-05-17,368735.08,760973.8,1129708.88
2024-05-20,379739.79,751333.08,1131072.87
2024-05-21,379739.79,745578.71,1125318.5
2024-05-22,371573.58,747073.21,1118646.79
2024-05-23,371573.58,738654.59,1110228.17
2024-05-24,371573.58,727408.04,1098981.62
2024-05-27,370352.37,736933.23,1107285.6
2024-05-28,370352.37,728465.34,1098817.7
2024-05-29,370352.37,733621.59,1103973.95
2024-05-30,361971.03,733273.52,1095244.55
2024-05-31,361971.03,729810.24,1091781.27
2024-06-03,361971.03,732270.89,1094241.92
2024-06-04,348192.17,743433.11,1091625.28
2024-06-05,346884.25,739791.96,1086676.21
2024-06-06,346884.25,741849.34,1088733.59
2024-06-07,346884.25,742826.84,1089711.09
2024-06-11,346884.25,736594.32,1083478.57
2024-06-12,342975.04,748660.94,1091635.97
2024-06-13,339485.17,747048.95,1086534.13
2024-06-14,327316.56,743089.73,1070406.29
2024-06-17,327316.56,734658.94,1061975.5
2024-06-18,327316.56,738412.75,1065729.31
2024-06-19,327316.56,731294.61,1058611.17
2024-06-20,312743.65,744302.02,1057045.67
2024-06-21,312743.65,741528.73,1054272.39
2024-06-24,304085.0,741209.5,1045294.5
2024-06-25,293525.71,733755.98,1027281.69
2024-06-26,293525.71,748903.66,1042429.37
2024-06-27,285226.61,745713.85,1030940.46
2024-06-28,285226.61,751924.18,1037150.79
2024-07-01,285226.61,763802.11,1049028.72
2024-07-02,285226.61,759228.75,1044455.35
2024-07-03,285226.61,756080.9,1041307.51
2024-07-04,284182.21,752401.85,1036584.06
2024-07-05,284182.21,755100.36,1039282.57
2024-07-08,284182.21,755404.93,1039587.14
2024-07-09,278800.12,776902.91,1055703.03
2024-07-10,271514.43,777069.85,1048584.28
2024-07-11,284265.75,764718.24,1048983.99
2024-07-12,284265.75,749991.47,1034257.22
2024-07-15,284265.75,747409.81,1031675.55
2024-07-16,300686.59,743708.65,1044395.25
2024-07-17,291498.32,739433.46,1030931.78
2024-07-18,295747.48,736619.22,1032366.7
2024-07-19,295747.48,737592.24,1033339.72
2024-07-22,285381.29,740093.77,1025475.06
2024-07-23,261046.37,744613.17,1005659.54
2024-07-24,261046.37,743920.98,1004967.35
2024-07-25,252621.36,749024.83,1001646.19
2024-07-26,252621.36,754636.74,1007258.1
2024-07-29,246878.75,743989.31,990868.06
2024-07-30,227731.76,749126.28,976858.04
2024-07-31,241304.5,748360.24,989664.74
2024-08-01,241304.5,737827.28,979131.78
2024-08-02,225980.7,739918.04,965898.73
2024-08-05,218586.03,729518.91,948104.94
2024-08-06,218586.03,740053.87,958639.9
2024-08-07,212683.29,741958.87,954642.16
2024-08-08,204093.37,738994.16,943087.53
2024-08-09,204093.37,732688.11,936781.48
2024-08-12,204093.37,732283.6,936376.97
2024-08-13,204093.37,737872.7,941966.07
2024-08-14,204093.37,732863.5,936956.87
2024-08-15,204093.37,742056.48,946149.85
2024-08-16,204093.37,737605.65,941699.02
2024-08-19,198120.27,746772.92,944893.18
2024-08-20,196648.58,730683.56,927332.15
2024-08-21,180538.37,737204.05,917742.43
2024-08-22,171965.68,743783.2,915748.89
2024-08-23,171965.68,744079.95,916045.63
2024-08-26,165772.24,739525.77,905298.0
2024-08-27,156194.68,737213.46,893408.14
2024-08-28,147226.08,751973.0,899199.08
2024-08-29,147226.08,737381.75,884607.83
2024-08-30,147226.08,760474.92,907701.01
2024-09-02,147226.08,759607.76,906833.84
2024-09-03,139386.27,772494.73,911880.99
2024-09-04,139386.27,757844.83,897231.09
2024-09-05,139386.27,761632.77,901019.03
2024-09-06,139386.27,739531.37,878917.64
2024-09-09,131262.77,740448.6,871711.37
2024-09-10,131262.77,751684.17,882946.94
2024-09-11,123531.06,758737.42,882268.48
2024-09-12,123531.06,763734.43,887265.48
2024-09-13,123531.06,782965.73,906496.78
2024-09-18,139914.79,760604.92,900519.71
2024-09-19,139914.79,757107.37,897022.16
2024-09-20,139914.79,754869.86,894784.65
2024-09-23,139914.79,753782.89,893697.68
2024-09-24,153631.65,773672.03,927303.68
2024-09-25,153631.65,782540.95,936172.6
2024-09-26,153631.65,804592.14,958223.79
2024-09-27,217414.59,747561.3,964975.89
2024-09-30,259816.24,728957.85,988774.09
2024-10-08,272415.03,760867.93,1033282.97
2024-10-09,263191.17,713152.02,976343.19
2024-10-10,230171.43,768023.15,998194.58
2024-10-11,237899.15,732021.22,969920.37
2024-10-14,237899.15,741190.33,979089.48
2024-10-15,228814.14,738548.15,967362.29
2024-10-16,221026.83,735560.18,956587.0
2024-10-17,221026.83,730837.91,951864.74
2024-10-18,221026.83,757955.07,978981.9
2024-10-21,229485.66,758123.57,987609.23
2024-10-22,229485.66,764517.49,994003.15
2024-10-23,229485.66,758455.7,987941.36
2024-10-24,229485.66,747267.62,976753.28
2024-10-25,229485.66,741743.61,971229.27
2024-10-28,229485.66,742306.34,971792.0
2024-10-29,229485.66,740380.63,969866.29
2024-10-30,223638.09,741544.1,965182.19
2024-10-31,223638.09,740311.5,963949.59
2024-11-01,223638.09,734440.77,958078.87
2024-11-04,219758.01,753175.25,972933.26
2024-11-05,219600.02,764760.29,984360.31
2024-11-06,219600.02,765646.29,985246.31
2024-11-07,219600.02,782673.11,1002273.13
2024-11-08,249567.76,752416.82,1001984.58
2024-11-11,249567.76,754127.05,1003694.81
2024-11-12,274878.24,727929.41,1002807.65
2024-11-13,274878.24,732421.8,1007300.04
2024-11-14,274878.24,715530.09,990408.33
2024-11-15,278619.13,703320.87,981940.0
2024-11-18,267474.74,715544.1,983018.84
2024-11-19,260785.54,725354.0,986139.53
2024-11-20,260785.54,732671.38,993456.91
2024-11-21,260785.54,736132.81,996918.34
2024-11-22,260785.54,715733.78,976519.31
2024-11-25,245339.65,729493.4,974833.05
2024-11-26,245339.65,720156.42,965496.07
2024-11-27,213554.26,760652.67,974206.93
2024-11-28,213554.26,753061.69,966615.95
2024-11-29,261136.12,721844.96,982981.08
2024-12-02,261136.12,724388.12,985524.24
2024-12-03,261136.12,731196.0,992332.12
2024-12-04,261136.12,732594.1,993730.22
2024-12-05,261136.12,726765.13,987901.25
2024-12-06,261136.12,732279.93,993416.05
2024-12-09,268206.48,722452.71,990659.2
2024-12-10,268206.48,724095.97,992302.46
2024-12-11,235846.7,754320.07,990166.77
2024-12-12,235846.7,760537.81,996384.51
2024-12-13,235846.7,744907.37,980754.07
2024-12-16,251172.76,729836.73,981009.49
2024-12-17,251172.76,724627.95,975800.71
2024-12-18,247999.65,730078.04,978077.69
2024-12-19,244655.82,733127.13,977782.95
2024-12-20,244655.82,735000.92,979656.73
2024-12-23,244655.82,724867.17,969522.99
2024-12-24,223431.18,746093.29,969524.47
2024-12-25,223431.18,757916.29,981347.47
2024-12-26,223431.18,761812.58,985243.76
2024-12-27,239061.11,753588.77,992649.88
2024-12-30,242306.65,754521.18,996827.83
2024-12-31,242306.65,751039.31,993345.96
